pdb_code	resolution	aa	chain	rid	dssp	N:N+1	C:N+1	C:O	N:O	CA:CA+1	CA-1:CA	N:CA:C:N+1	C-1:N:CA:C	N:CA:C:O	CA-1:C-1:N:CA	CA:C:N+1:CA+1	N:CA:C	CA:C:N+1	C-1:N:CA	N:CA:O	CA-1:CA:CA+1	info_N:N+1	info_C:N+1	info_C:O	info_N:O	info_CA:CA+1	info_CA-1:CA	info_N:CA:C:N+1	info_C-1:N:CA:C	info_N:CA:C:O	info_CA-1:C-1:N:CA	info_CA:C:N+1:CA+1	info_N:CA:C	info_CA:C:N+1	info_C-1:N:CA	info_N:CA:O	info_CA-1:CA:CA+1	motif_N:N+1	motif_C:N+1	motif_C:O	motif_N:O	motif_CA:CA+1	motif_CA-1:CA	motif_N:CA:C:N+1	motif_C-1:N:CA:C	motif_N:CA:C:O	motif_CA-1:C-1:N:CA	motif_CA:C:N+1:CA+1	motif_N:CA:C	motif_CA:C:N+1	motif_C-1:N:CA	motif_N:CA:O	motif_CA-1:CA:CA+1	occ_N:N+1	occ_C:N+1	occ_C:O	occ_N:O	occ_CA:CA+1	occ_CA-1:CA	occ_N:CA:C:N+1	occ_C-1:N:CA:C	occ_N:CA:C:O	occ_CA-1:C-1:N:CA	occ_CA:C:N+1:CA+1	occ_N:CA:C	occ_CA:C:N+1	occ_C-1:N:CA	occ_N:CA:O	occ_CA-1:CA:CA+1	bf_N:N+1	bf_C:N+1	bf_C:O	bf_N:O	bf_CA:CA+1	bf_CA-1:CA	bf_N:CA:C:N+1	bf_C-1:N:CA:C	bf_N:CA:C:O	bf_CA-1:C-1:N:CA	bf_CA:C:N+1:CA+1	bf_N:CA:C	bf_CA:C:N+1	bf_C-1:N:CA	bf_N:CA:O	bf_CA-1:CA:CA+1	rid2_N:N+1	rid2_C:N+1	rid2_C:O	rid2_N:O	rid2_CA:CA+1	rid2_CA-1:CA	rid2_N:CA:C:N+1	rid2_C-1:N:CA:C	rid2_N:CA:C:O	rid2_CA-1:C-1:N:CA	rid2_CA:C:N+1:CA+1	rid2_N:CA:C	rid2_CA:C:N+1	rid2_C-1:N:CA	rid2_N:CA:O	rid2_CA-1:CA:CA+1	rid3_N:N+1	rid3_C:N+1	rid3_C:O	rid3_N:O	rid3_CA:CA+1	rid3_CA-1:CA	rid3_N:CA:C:N+1	rid3_C-1:N:CA:C	rid3_N:CA:C:O	rid3_CA-1:C-1:N:CA	rid3_CA:C:N+1:CA+1	rid3_N:CA:C	rid3_CA:C:N+1	rid3_C-1:N:CA	rid3_N:CA:O	rid3_CA-1:CA:CA+1	rid4_N:N+1	rid4_C:N+1	rid4_C:O	rid4_N:O	rid4_CA:CA+1	rid4_CA-1:CA	rid4_N:CA:C:N+1	rid4_C-1:N:CA:C	rid4_N:CA:C:O	rid4_CA-1:C-1:N:CA	rid4_CA:C:N+1:CA+1	rid4_N:CA:C	rid4_CA:C:N+1	rid4_C-1:N:CA	rid4_N:CA:O	rid4_CA-1:CA:CA+1
1ejg	0.54	CYS	A	4	-	3.6083855166443306	1.3489413123462206	1.2235821610876805	2.781572332409635	3.801618987475462	3.8127307429434105	148.023	-122.993	-33.483	-175.842	-173.277	110.672	115.685	119.633	88.78	130.714	(A|CYS|4|N|41)(A|PRO|5|N|51)	(A|CYS|4|C|43)(A|PRO|5|N|51)	(A|CYS|4|C|43)(A|CYS|4|O|44)	(A|CYS|4|N|41)(A|CYS|4|O|44)	(A|CYS|4|CA|42)(A|PRO|5|CA|52)	(A|CYS|3|CA|32)(A|CYS|4|CA|42)	(A|CYS|4|N|41)(A|CYS|4|CA|42)(A|CYS|4|C|43)(A|PRO|5|N|51)	(A|CYS|3|C|33)(A|CYS|4|N|41)(A|CYS|4|CA|42)(A|CYS|4|C|43)	(A|CYS|4|N|41)(A|CYS|4|CA|42)(A|CYS|4|C|43)(A|CYS|4|O|44)	(A|CYS|3|CA|32)(A|CYS|3|C|33)(A|CYS|4|N|41)(A|CYS|4|CA|42)	(A|CYS|4|CA|42)(A|CYS|4|C|43)(A|PRO|5|N|51)(A|PRO|5|CA|52)	(A|CYS|4|N|41)(A|CYS|4|CA|42)(A|CYS|4|C|43)	(A|CYS|4|CA|42)(A|CYS|4|C|43)(A|PRO|5|N|51)	(A|CYS|3|C|33)(A|CYS|4|N|41)(A|CYS|4|CA|42)	(A|CYS|4|N|41)(A|CYS|4|CA|42)(A|CYS|4|O|44)	(A|CYS|3|CA|32)(A|CYS|4|CA|42)(A|PRO|5|CA|52)	CYS|PRO	CYS|PRO	CYS|CYS	CYS|CYS	CYS|PRO	CYS|CYS	CYS|CYS|CYS|PRO	CYS|CYS|CYS|CYS	CYS|CYS|CYS|CYS	CYS|CYS|CYS|CYS	CYS|CYS|PRO|PRO	CYS|CYS|CYS	CYS|CYS|PRO	CYS|CYS|CYS	CYS|CYS|CYS	CYS|CYS|PRO	1.0	1.0	1.0	1.0	1.0	1.0	1.0	1.0	1.0	1.0	1.0	1.0	1.0	1.0	1.0	1.0	1.69	1.6349999999999998	1.855	1.9100000000000001	1.725	1.83	1.6524999999999999	1.7274999999999998	1.7625	1.835	1.6800000000000002	1.6566666666666665	1.6233333333333333	1.7599999999999998	1.8066666666666666	1.8366666666666667	5	5	4	4	5	4	4	4	4	3	4	4	4	4	4	4	0	0	0	0	0	0	4	4	4	4	5	4	5	4	4	5	0	0	0	0	0	0	5	4	4	4	5	0	0	0	0	0
1ejg	0.54	PRO	A	5	S	2.7799109875406063	1.3379831603464345	1.2399227441349037	3.623114710921879	3.8169735728831684	3.801618987475462	-19.366	-76.837	163.243	-173.277	-179.472	114.256	117.551	119.736	139.909	95.686	(A|PRO|5|N|51)(A|SER|6|N|65)	(A|PRO|5|C|53)(A|SER|6|N|65)	(A|PRO|5|C|53)(A|PRO|5|O|54)	(A|PRO|5|N|51)(A|PRO|5|O|54)	(A|PRO|5|CA|52)(A|SER|6|CA|66)	(A|CYS|4|CA|42)(A|PRO|5|CA|52)	(A|PRO|5|N|51)(A|PRO|5|CA|52)(A|PRO|5|C|53)(A|SER|6|N|65)	(A|CYS|4|C|43)(A|PRO|5|N|51)(A|PRO|5|CA|52)(A|PRO|5|C|53)	(A|PRO|5|N|51)(A|PRO|5|CA|52)(A|PRO|5|C|53)(A|PRO|5|O|54)	(A|CYS|4|CA|42)(A|CYS|4|C|43)(A|PRO|5|N|51)(A|PRO|5|CA|52)	(A|PRO|5|CA|52)(A|PRO|5|C|53)(A|SER|6|N|65)(A|SER|6|CA|66)	(A|PRO|5|N|51)(A|PRO|5|CA|52)(A|PRO|5|C|53)	(A|PRO|5|CA|52)(A|PRO|5|C|53)(A|SER|6|N|65)	(A|CYS|4|C|43)(A|PRO|5|N|51)(A|PRO|5|CA|52)	(A|PRO|5|N|51)(A|PRO|5|CA|52)(A|PRO|5|O|54)	(A|CYS|4|CA|42)(A|PRO|5|CA|52)(A|SER|6|CA|66)	PRO|SER	PRO|SER	PRO|PRO	PRO|PRO	PRO|SER	CYS|PRO	PRO|PRO|PRO|SER	CYS|PRO|PRO|PRO	PRO|PRO|PRO|PRO	CYS|CYS|PRO|PRO	PRO|PRO|SER|SER	PRO|PRO|PRO	PRO|PRO|SER	CYS|PRO|PRO	PRO|PRO|PRO	CYS|PRO|SER	1.0	1.0	1.0	1.0	1.0	1.0	1.0	1.0	1.0	1.0	1.0	1.0	1.0	1.0	1.0	1.0	1.74	1.9249999999999998	2.58	2.395	1.775	1.725	1.835	1.7824999999999998	2.1625	1.6800000000000002	1.85	1.8333333333333333	1.9000000000000001	1.7066666666666663	2.2133333333333334	1.7166666666666668	6	6	5	5	6	5	5	5	5	4	5	5	5	5	5	5	0	0	0	0	0	0	5	5	5	5	6	5	6	5	5	6	0	0	0	0	0	0	6	5	5	5	6	0	0	0	0	0
1ejg	0.54	ARG	A	10	H	2.868683381739107	1.3350207139027506	1.2424805540992814	3.5236322185652855	3.800097250928239	3.8309661592469744	-44.574	-63.034	136.963	175.654	179.71	111.973	117.783	119.92	129.602	92.446	(A|ARG|10|N|121)(A|SER|11|N|145)	(A|ARG|10|C|123)(A|SER|11|N|145)	(A|ARG|10|C|123)(A|ARG|10|O|124)	(A|ARG|10|N|121)(A|ARG|10|O|124)	(A|ARG|10|CA|122)(A|SER|11|CA|146)	(A|ALA|9|CA|112)(A|ARG|10|CA|122)	(A|ARG|10|N|121)(A|ARG|10|CA|122)(A|ARG|10|C|123)(A|SER|11|N|145)	(A|ALA|9|C|113)(A|ARG|10|N|121)(A|ARG|10|CA|122)(A|ARG|10|C|123)	(A|ARG|10|N|121)(A|ARG|10|CA|122)(A|ARG|10|C|123)(A|ARG|10|O|124)	(A|ALA|9|CA|112)(A|ALA|9|C|113)(A|ARG|10|N|121)(A|ARG|10|CA|122)	(A|ARG|10|CA|122)(A|ARG|10|C|123)(A|SER|11|N|145)(A|SER|11|CA|146)	(A|ARG|10|N|121)(A|ARG|10|CA|122)(A|ARG|10|C|123)	(A|ARG|10|CA|122)(A|ARG|10|C|123)(A|SER|11|N|145)	(A|ALA|9|C|113)(A|ARG|10|N|121)(A|ARG|10|CA|122)	(A|ARG|10|N|121)(A|ARG|10|CA|122)(A|ARG|10|O|124)	(A|ALA|9|CA|112)(A|ARG|10|CA|122)(A|SER|11|CA|146)	ARG|SER	ARG|SER	ARG|ARG	ARG|ARG	ARG|SER	ALA|ARG	ARG|ARG|ARG|SER	ALA|ARG|ARG|ARG	ARG|ARG|ARG|ARG	ALA|ALA|ARG|ARG	ARG|ARG|SER|SER	ARG|ARG|ARG	ARG|ARG|SER	ALA|ARG|ARG	ARG|ARG|ARG	ALA|ARG|SER	1.0	1.0	1.0	1.0	1.0	1.0	1.0	1.0	1.0	1.0	1.0	1.0	1.0	1.0	1.0	1.0	1.6600000000000001	1.655	1.685	1.69	1.665	1.74	1.6150000000000002	1.5925	1.6300000000000001	1.6774999999999998	1.6600000000000001	1.5766666666666669	1.6233333333333333	1.5966666666666667	1.6466666666666667	1.75	11	11	10	10	11	10	10	10	10	9	10	10	10	10	10	10	0	0	0	0	0	0	10	10	10	10	11	10	11	10	10	11	0	0	0	0	0	0	11	10	10	10	11	0	0	0	0	0
1ejg	0.54	ASN	A	14	H	2.8190299972759623	1.342151313224658	1.2294657201467618	3.5308504791291577	3.824921062512396	3.791500621055608	-35.077	-66.003	144.087	-177.268	173.896	111.812	118.423	118.765	131.907	91.802	(A|ASN|14|N|190)(A|VAL|15|N|204)	(A|ASN|14|C|192)(A|VAL|15|N|204)	(A|ASN|14|C|192)(A|ASN|14|O|193)	(A|ASN|14|N|190)(A|ASN|14|O|193)	(A|ASN|14|CA|191)(A|VAL|15|CA|205)	(A|PHE|13|CA|171)(A|ASN|14|CA|191)	(A|ASN|14|N|190)(A|ASN|14|CA|191)(A|ASN|14|C|192)(A|VAL|15|N|204)	(A|PHE|13|C|172)(A|ASN|14|N|190)(A|ASN|14|CA|191)(A|ASN|14|C|192)	(A|ASN|14|N|190)(A|ASN|14|CA|191)(A|ASN|14|C|192)(A|ASN|14|O|193)	(A|PHE|13|CA|171)(A|PHE|13|C|172)(A|ASN|14|N|190)(A|ASN|14|CA|191)	(A|ASN|14|CA|191)(A|ASN|14|C|192)(A|VAL|15|N|204)(A|VAL|15|CA|205)	(A|ASN|14|N|190)(A|ASN|14|CA|191)(A|ASN|14|C|192)	(A|ASN|14|CA|191)(A|ASN|14|C|192)(A|VAL|15|N|204)	(A|PHE|13|C|172)(A|ASN|14|N|190)(A|ASN|14|CA|191)	(A|ASN|14|N|190)(A|ASN|14|CA|191)(A|ASN|14|O|193)	(A|PHE|13|CA|171)(A|ASN|14|CA|191)(A|VAL|15|CA|205)	ASN|VAL	ASN|VAL	ASN|ASN	ASN|ASN	ASN|VAL	PHE|ASN	ASN|ASN|ASN|VAL	PHE|ASN|ASN|ASN	ASN|ASN|ASN|ASN	PHE|PHE|ASN|ASN	ASN|ASN|VAL|VAL	ASN|ASN|ASN	ASN|ASN|VAL	PHE|ASN|ASN	ASN|ASN|ASN	PHE|ASN|VAL	1.0	1.0	1.0	1.0	1.0	1.0	1.0	1.0	1.0	1.0	1.0	1.0	1.0	1.0	1.0	1.0	1.54	1.505	1.8599999999999999	1.895	1.505	1.63	1.5475	1.57	1.725	1.6075	1.5050000000000001	1.5766666666666669	1.5233333333333334	1.5766666666666669	1.7833333333333332	1.57	15	15	14	14	15	14	14	14	14	13	14	14	14	14	14	14	0	0	0	0	0	0	14	14	14	14	15	14	15	14	14	15	0	0	0	0	0	0	15	14	14	14	15	0	0	0	0	0
1ejg	0.54	VAL	A	15	H	2.830691384225168	1.351113789709826	1.226300974710801	3.5048226412111103	3.824976606319923	3.824921062512396	-43.905	-67.302	136.257	173.896	177.652	110.792	116.503	119.157	127.843	90.145	(A|VAL|15|N|204)(A|CYS|16|N|220)	(A|VAL|15|C|206)(A|CYS|16|N|220)	(A|VAL|15|C|206)(A|VAL|15|O|207)	(A|VAL|15|N|204)(A|VAL|15|O|207)	(A|VAL|15|CA|205)(A|CYS|16|CA|221)	(A|ASN|14|CA|191)(A|VAL|15|CA|205)	(A|VAL|15|N|204)(A|VAL|15|CA|205)(A|VAL|15|C|206)(A|CYS|16|N|220)	(A|ASN|14|C|192)(A|VAL|15|N|204)(A|VAL|15|CA|205)(A|VAL|15|C|206)	(A|VAL|15|N|204)(A|VAL|15|CA|205)(A|VAL|15|C|206)(A|VAL|15|O|207)	(A|ASN|14|CA|191)(A|ASN|14|C|192)(A|VAL|15|N|204)(A|VAL|15|CA|205)	(A|VAL|15|CA|205)(A|VAL|15|C|206)(A|CYS|16|N|220)(A|CYS|16|CA|221)	(A|VAL|15|N|204)(A|VAL|15|CA|205)(A|VAL|15|C|206)	(A|VAL|15|CA|205)(A|VAL|15|C|206)(A|CYS|16|N|220)	(A|ASN|14|C|192)(A|VAL|15|N|204)(A|VAL|15|CA|205)	(A|VAL|15|N|204)(A|VAL|15|CA|205)(A|VAL|15|O|207)	(A|ASN|14|CA|191)(A|VAL|15|CA|205)(A|CYS|16|CA|221)	VAL|CYS	VAL|CYS	VAL|VAL	VAL|VAL	VAL|CYS	ASN|VAL	VAL|VAL|VAL|CYS	ASN|VAL|VAL|VAL	VAL|VAL|VAL|VAL	ASN|ASN|VAL|VAL	VAL|VAL|CYS|CYS	VAL|VAL|VAL	VAL|VAL|CYS	ASN|VAL|VAL	VAL|VAL|VAL	ASN|VAL|CYS	1.0	1.0	1.0	1.0	1.0	1.0	1.0	1.0	1.0	1.0	1.0	1.0	1.0	1.0	1.0	1.0	1.505	1.51	1.62	1.615	1.495	1.505	1.4825	1.4825	1.5375	1.5050000000000001	1.5025	1.46	1.49	1.4866666666666666	1.5599999999999998	1.5166666666666666	16	16	15	15	16	15	15	15	15	14	15	15	15	15	15	15	0	0	0	0	0	0	15	15	15	15	16	15	16	15	15	16	0	0	0	0	0	0	16	15	15	15	16	0	0	0	0	0
1ejg	0.54	CYS	A	16	H	2.8062403547278425	1.3419601682200606	1.2303114070539727	3.5521846461188424	3.8078715455038674	3.824976606319923	-36.751	-54.089	143.35	177.652	-177.862	112.023	116.476	120.66	131.5	88.715	(A|CYS|16|N|220)(A|ARG|17|N|230)	(A|CYS|16|C|222)(A|ARG|17|N|230)	(A|CYS|16|C|222)(A|CYS|16|O|223)	(A|CYS|16|N|220)(A|CYS|16|O|223)	(A|CYS|16|CA|221)(A|ARG|17|CA|231)	(A|VAL|15|CA|205)(A|CYS|16|CA|221)	(A|CYS|16|N|220)(A|CYS|16|CA|221)(A|CYS|16|C|222)(A|ARG|17|N|230)	(A|VAL|15|C|206)(A|CYS|16|N|220)(A|CYS|16|CA|221)(A|CYS|16|C|222)	(A|CYS|16|N|220)(A|CYS|16|CA|221)(A|CYS|16|C|222)(A|CYS|16|O|223)	(A|VAL|15|CA|205)(A|VAL|15|C|206)(A|CYS|16|N|220)(A|CYS|16|CA|221)	(A|CYS|16|CA|221)(A|CYS|16|C|222)(A|ARG|17|N|230)(A|ARG|17|CA|231)	(A|CYS|16|N|220)(A|CYS|16|CA|221)(A|CYS|16|C|222)	(A|CYS|16|CA|221)(A|CYS|16|C|222)(A|ARG|17|N|230)	(A|VAL|15|C|206)(A|CYS|16|N|220)(A|CYS|16|CA|221)	(A|CYS|16|N|220)(A|CYS|16|CA|221)(A|CYS|16|O|223)	(A|VAL|15|CA|205)(A|CYS|16|CA|221)(A|ARG|17|CA|231)	CYS|ARG	CYS|ARG	CYS|CYS	CYS|CYS	CYS|ARG	VAL|CYS	CYS|CYS|CYS|ARG	VAL|CYS|CYS|CYS	CYS|CYS|CYS|CYS	VAL|VAL|CYS|CYS	CYS|CYS|ARG|ARG	CYS|CYS|CYS	CYS|CYS|ARG	VAL|CYS|CYS	CYS|CYS|CYS	VAL|CYS|ARG	1.0	1.0	1.0	1.0	1.0	1.0	1.0	1.0	1.0	1.0	1.0	1.0	1.0	1.0	1.0	1.0	1.505	1.455	1.625	1.675	1.525	1.495	1.5	1.5025000000000002	1.585	1.5025	1.49	1.5133333333333334	1.4833333333333334	1.5200000000000002	1.63	1.5	17	17	16	16	17	16	16	16	16	15	16	16	16	16	16	16	0	0	0	0	0	0	16	16	16	16	17	16	17	16	16	17	0	0	0	0	0	0	17	16	16	16	17	0	0	0	0	0
1ejg	0.54	ARG	A	17	H	2.798117170071816	1.3435904283263007	1.2345899887752287	3.5937095781061297	3.8385415642542586	3.8078715455038674	-20.85	-74.742	159.929	-177.862	-174.446	113.349	118.955	120.722	138.076	95.381	(A|ARG|17|N|230)(A|LEU|18|N|254)	(A|ARG|17|C|232)(A|LEU|18|N|254)	(A|ARG|17|C|232)(A|ARG|17|O|233)	(A|ARG|17|N|230)(A|ARG|17|O|233)	(A|ARG|17|CA|231)(A|LEU|18|CA|255)	(A|CYS|16|CA|221)(A|ARG|17|CA|231)	(A|ARG|17|N|230)(A|ARG|17|CA|231)(A|ARG|17|C|232)(A|LEU|18|N|254)	(A|CYS|16|C|222)(A|ARG|17|N|230)(A|ARG|17|CA|231)(A|ARG|17|C|232)	(A|ARG|17|N|230)(A|ARG|17|CA|231)(A|ARG|17|C|232)(A|ARG|17|O|233)	(A|CYS|16|CA|221)(A|CYS|16|C|222)(A|ARG|17|N|230)(A|ARG|17|CA|231)	(A|ARG|17|CA|231)(A|ARG|17|C|232)(A|LEU|18|N|254)(A|LEU|18|CA|255)	(A|ARG|17|N|230)(A|ARG|17|CA|231)(A|ARG|17|C|232)	(A|ARG|17|CA|231)(A|ARG|17|C|232)(A|LEU|18|N|254)	(A|CYS|16|C|222)(A|ARG|17|N|230)(A|ARG|17|CA|231)	(A|ARG|17|N|230)(A|ARG|17|CA|231)(A|ARG|17|O|233)	(A|CYS|16|CA|221)(A|ARG|17|CA|231)(A|LEU|18|CA|255)	ARG|LEU	ARG|LEU	ARG|ARG	ARG|ARG	ARG|LEU	CYS|ARG	ARG|ARG|ARG|LEU	CYS|ARG|ARG|ARG	ARG|ARG|ARG|ARG	CYS|CYS|ARG|ARG	ARG|ARG|LEU|LEU	ARG|ARG|ARG	ARG|ARG|LEU	CYS|ARG|ARG	ARG|ARG|ARG	CYS|ARG|LEU	1.0	1.0	1.0	1.0	1.0	1.0	1.0	1.0	1.0	1.0	1.0	1.0	1.0	1.0	1.0	1.0	1.555	1.63	1.9050000000000002	1.83	1.595	1.525	1.5575	1.5075	1.695	1.49	1.6124999999999998	1.5266666666666666	1.5899999999999999	1.4733333333333334	1.7233333333333334	1.5766666666666664	18	18	17	17	18	17	17	17	17	16	17	17	17	17	17	17	0	0	0	0	0	0	17	17	17	17	18	17	18	17	17	18	0	0	0	0	0	0	18	17	17	17	18	0	0	0	0	0
1ejg	0.54	LEU	A	18	T	2.9741507044859787	1.3379515024271333	1.2475210505741128	3.527002343487702	3.84537181030862	3.8385415642542586	-45.451	-52.989	135.648	-174.446	178.268	113.761	121.376	119.807	131.165	95.328	(A|LEU|18|N|254)(A|PRO|19|N|273)	(A|LEU|18|C|256)(A|PRO|19|N|273)	(A|LEU|18|C|256)(A|LEU|18|O|257)	(A|LEU|18|N|254)(A|LEU|18|O|257)	(A|LEU|18|CA|255)(A|PRO|19|CA|274)	(A|ARG|17|CA|231)(A|LEU|18|CA|255)	(A|LEU|18|N|254)(A|LEU|18|CA|255)(A|LEU|18|C|256)(A|PRO|19|N|273)	(A|ARG|17|C|232)(A|LEU|18|N|254)(A|LEU|18|CA|255)(A|LEU|18|C|256)	(A|LEU|18|N|254)(A|LEU|18|CA|255)(A|LEU|18|C|256)(A|LEU|18|O|257)	(A|ARG|17|CA|231)(A|ARG|17|C|232)(A|LEU|18|N|254)(A|LEU|18|CA|255)	(A|LEU|18|CA|255)(A|LEU|18|C|256)(A|PRO|19|N|273)(A|PRO|19|CA|274)	(A|LEU|18|N|254)(A|LEU|18|CA|255)(A|LEU|18|C|256)	(A|LEU|18|CA|255)(A|LEU|18|C|256)(A|PRO|19|N|273)	(A|ARG|17|C|232)(A|LEU|18|N|254)(A|LEU|18|CA|255)	(A|LEU|18|N|254)(A|LEU|18|CA|255)(A|LEU|18|O|257)	(A|ARG|17|CA|231)(A|LEU|18|CA|255)(A|PRO|19|CA|274)	LEU|PRO	LEU|PRO	LEU|LEU	LEU|LEU	LEU|PRO	ARG|LEU	LEU|LEU|LEU|PRO	ARG|LEU|LEU|LEU	LEU|LEU|LEU|LEU	ARG|ARG|LEU|LEU	LEU|LEU|PRO|PRO	LEU|LEU|LEU	LEU|LEU|PRO	ARG|LEU|LEU	LEU|LEU|LEU	ARG|LEU|PRO	1.0	1.0	1.0	1.0	1.0	1.0	1.0	1.0	1.0	1.0	1.0	1.0	1.0	1.0	1.0	1.0	1.64	1.5899999999999999	1.6800000000000002	1.73	1.7149999999999999	1.595	1.6275	1.6224999999999998	1.6724999999999999	1.6124999999999998	1.6524999999999999	1.6266666666666667	1.6199999999999999	1.6466666666666665	1.7133333333333336	1.6466666666666665	19	19	18	18	19	18	18	18	18	17	18	18	18	18	18	18	0	0	0	0	0	0	18	18	18	18	19	18	19	18	18	19	0	0	0	0	0	0	19	18	18	18	19	0	0	0	0	0
1ejg	0.54	PRO	A	19	T	2.7584765135550313	1.3327419299795749	1.2300994086436043	3.6368744454978432	3.8212830862497826	3.84537181030862	-6.205	-75.65	176.518	178.268	179.503	114.029	117.986	119.207	141.022	89.72	(A|PRO|19|N|273)(A|GLY|20|N|287)	(A|PRO|19|C|275)(A|GLY|20|N|287)	(A|PRO|19|C|275)(A|PRO|19|O|276)	(A|PRO|19|N|273)(A|PRO|19|O|276)	(A|PRO|19|CA|274)(A|GLY|20|CA|288)	(A|LEU|18|CA|255)(A|PRO|19|CA|274)	(A|PRO|19|N|273)(A|PRO|19|CA|274)(A|PRO|19|C|275)(A|GLY|20|N|287)	(A|LEU|18|C|256)(A|PRO|19|N|273)(A|PRO|19|CA|274)(A|PRO|19|C|275)	(A|PRO|19|N|273)(A|PRO|19|CA|274)(A|PRO|19|C|275)(A|PRO|19|O|276)	(A|LEU|18|CA|255)(A|LEU|18|C|256)(A|PRO|19|N|273)(A|PRO|19|CA|274)	(A|PRO|19|CA|274)(A|PRO|19|C|275)(A|GLY|20|N|287)(A|GLY|20|CA|288)	(A|PRO|19|N|273)(A|PRO|19|CA|274)(A|PRO|19|C|275)	(A|PRO|19|CA|274)(A|PRO|19|C|275)(A|GLY|20|N|287)	(A|LEU|18|C|256)(A|PRO|19|N|273)(A|PRO|19|CA|274)	(A|PRO|19|N|273)(A|PRO|19|CA|274)(A|PRO|19|O|276)	(A|LEU|18|CA|255)(A|PRO|19|CA|274)(A|GLY|20|CA|288)	PRO|GLY	PRO|GLY	PRO|PRO	PRO|PRO	PRO|GLY	LEU|PRO	PRO|PRO|PRO|GLY	LEU|PRO|PRO|PRO	PRO|PRO|PRO|PRO	LEU|LEU|PRO|PRO	PRO|PRO|GLY|GLY	PRO|PRO|PRO	PRO|PRO|GLY	LEU|PRO|PRO	PRO|PRO|PRO	LEU|PRO|GLY	1.0	1.0	1.0	1.0	1.0	1.0	1.0	1.0	1.0	1.0	1.0	1.0	1.0	1.0	1.0	1.0	1.75	1.975	2.8449999999999998	2.62	2.115	1.7149999999999999	1.8325	1.7525	2.2675	1.6524999999999999	2.045	1.82	1.9000000000000001	1.6433333333333333	2.33	1.97	20	20	19	19	20	19	19	19	19	18	19	19	19	19	19	19	0	0	0	0	0	0	19	19	19	19	20	19	20	19	19	20	0	0	0	0	0	0	20	19	19	19	20	0	0	0	0	0
1ejg	0.54	GLY	A	20	T	2.7543193877441863	1.3358830682443839	1.2290592945499776	3.625842611212079	3.8050972814458155	3.8212830862497826	8.62	104.436	-172.902	179.503	-179.589	115.235	117.209	122.32	141.803	99.628	(A|GLY|20|N|287)(A|THR|21|N|294)	(A|GLY|20|C|289)(A|THR|21|N|294)	(A|GLY|20|C|289)(A|GLY|20|O|290)	(A|GLY|20|N|287)(A|GLY|20|O|290)	(A|GLY|20|CA|288)(A|THR|21|CA|295)	(A|PRO|19|CA|274)(A|GLY|20|CA|288)	(A|GLY|20|N|287)(A|GLY|20|CA|288)(A|GLY|20|C|289)(A|THR|21|N|294)	(A|PRO|19|C|275)(A|GLY|20|N|287)(A|GLY|20|CA|288)(A|GLY|20|C|289)	(A|GLY|20|N|287)(A|GLY|20|CA|288)(A|GLY|20|C|289)(A|GLY|20|O|290)	(A|PRO|19|CA|274)(A|PRO|19|C|275)(A|GLY|20|N|287)(A|GLY|20|CA|288)	(A|GLY|20|CA|288)(A|GLY|20|C|289)(A|THR|21|N|294)(A|THR|21|CA|295)	(A|GLY|20|N|287)(A|GLY|20|CA|288)(A|GLY|20|C|289)	(A|GLY|20|CA|288)(A|GLY|20|C|289)(A|THR|21|N|294)	(A|PRO|19|C|275)(A|GLY|20|N|287)(A|GLY|20|CA|288)	(A|GLY|20|N|287)(A|GLY|20|CA|288)(A|GLY|20|O|290)	(A|PRO|19|CA|274)(A|GLY|20|CA|288)(A|THR|21|CA|295)	GLY|THR	GLY|THR	GLY|GLY	GLY|GLY	GLY|THR	PRO|GLY	GLY|GLY|GLY|THR	PRO|GLY|GLY|GLY	GLY|GLY|GLY|GLY	PRO|PRO|GLY|GLY	GLY|GLY|THR|THR	GLY|GLY|GLY	GLY|GLY|THR	PRO|GLY|GLY	GLY|GLY|GLY	PRO|GLY|THR	1.0	1.0	1.0	1.0	1.0	1.0	1.0	1.0	1.0	1.0	1.0	1.0	1.0	1.0	1.0	1.0	1.77	1.825	2.49	2.435	1.955	2.115	2.0	2.1025	2.3325	2.045	1.89	2.11	2.0433333333333334	2.143333333333333	2.4499999999999997	1.8866666666666667	21	21	20	20	21	20	20	20	20	19	20	20	20	20	20	20	0	0	0	0	0	0	20	20	20	20	21	20	21	20	20	21	0	0	0	0	0	0	21	20	20	20	21	0	0	0	0	0
1ejg	0.54	ALA	A	27	H	2.920867087775291	1.334418775336977	1.2343684875257002	3.4358843159014207	3.8179998166967226	3.831083804266791	-53.473	-65.058	125.664	176.959	179.457	110.803	118.084	121.696	124.241	95.515	(A|ALA|27|N|376)(A|THR|28|N|386)	(A|ALA|27|C|378)(A|THR|28|N|386)	(A|ALA|27|C|378)(A|ALA|27|O|379)	(A|ALA|27|N|376)(A|ALA|27|O|379)	(A|ALA|27|CA|377)(A|THR|28|CA|387)	(A|CYS|26|CA|367)(A|ALA|27|CA|377)	(A|ALA|27|N|376)(A|ALA|27|CA|377)(A|ALA|27|C|378)(A|THR|28|N|386)	(A|CYS|26|C|368)(A|ALA|27|N|376)(A|ALA|27|CA|377)(A|ALA|27|C|378)	(A|ALA|27|N|376)(A|ALA|27|CA|377)(A|ALA|27|C|378)(A|ALA|27|O|379)	(A|CYS|26|CA|367)(A|CYS|26|C|368)(A|ALA|27|N|376)(A|ALA|27|CA|377)	(A|ALA|27|CA|377)(A|ALA|27|C|378)(A|THR|28|N|386)(A|THR|28|CA|387)	(A|ALA|27|N|376)(A|ALA|27|CA|377)(A|ALA|27|C|378)	(A|ALA|27|CA|377)(A|ALA|27|C|378)(A|THR|28|N|386)	(A|CYS|26|C|368)(A|ALA|27|N|376)(A|ALA|27|CA|377)	(A|ALA|27|N|376)(A|ALA|27|CA|377)(A|ALA|27|O|379)	(A|CYS|26|CA|367)(A|ALA|27|CA|377)(A|THR|28|CA|387)	ALA|THR	ALA|THR	ALA|ALA	ALA|ALA	ALA|THR	CYS|ALA	ALA|ALA|ALA|THR	CYS|ALA|ALA|ALA	ALA|ALA|ALA|ALA	CYS|CYS|ALA|ALA	ALA|ALA|THR|THR	ALA|ALA|ALA	ALA|ALA|THR	CYS|ALA|ALA	ALA|ALA|ALA	CYS|ALA|THR	1.0	1.0	1.0	1.0	1.0	1.0	1.0	1.0	1.0	1.0	1.0	1.0	1.0	1.0	1.0	1.0	1.69	1.705	1.8050000000000002	1.79	1.8	1.55	1.6425	1.5875000000000001	1.6925000000000001	1.565	1.7525	1.59	1.6633333333333333	1.58	1.72	1.7066666666666668	28	28	27	27	28	27	27	27	27	26	27	27	27	27	27	27	0	0	0	0	0	0	27	27	27	27	28	27	28	27	27	28	0	0	0	0	0	0	28	27	27	27	28	0	0	0	0	0
1ejg	0.54	THR	A	28	H	2.782179620537374	1.334282551027287	1.2410075178449005	3.5930173036433235	3.824322410789739	3.8179998166967226	-27.439	-66.37	152.873	179.457	178.701	111.529	118.563	116.492	134.557	89.387	(A|THR|28|N|386)(A|TYR|29|N|400)	(A|THR|28|C|388)(A|TYR|29|N|400)	(A|THR|28|C|388)(A|THR|28|O|389)	(A|THR|28|N|386)(A|THR|28|O|389)	(A|THR|28|CA|387)(A|TYR|29|CA|401)	(A|ALA|27|CA|377)(A|THR|28|CA|387)	(A|THR|28|N|386)(A|THR|28|CA|387)(A|THR|28|C|388)(A|TYR|29|N|400)	(A|ALA|27|C|378)(A|THR|28|N|386)(A|THR|28|CA|387)(A|THR|28|C|388)	(A|THR|28|N|386)(A|THR|28|CA|387)(A|THR|28|C|388)(A|THR|28|O|389)	(A|ALA|27|CA|377)(A|ALA|27|C|378)(A|THR|28|N|386)(A|THR|28|CA|387)	(A|THR|28|CA|387)(A|THR|28|C|388)(A|TYR|29|N|400)(A|TYR|29|CA|401)	(A|THR|28|N|386)(A|THR|28|CA|387)(A|THR|28|C|388)	(A|THR|28|CA|387)(A|THR|28|C|388)(A|TYR|29|N|400)	(A|ALA|27|C|378)(A|THR|28|N|386)(A|THR|28|CA|387)	(A|THR|28|N|386)(A|THR|28|CA|387)(A|THR|28|O|389)	(A|ALA|27|CA|377)(A|THR|28|CA|387)(A|TYR|29|CA|401)	THR|TYR	THR|TYR	THR|THR	THR|THR	THR|TYR	ALA|THR	THR|THR|THR|TYR	ALA|THR|THR|THR	THR|THR|THR|THR	ALA|ALA|THR|THR	THR|THR|TYR|TYR	THR|THR|THR	THR|THR|TYR	ALA|THR|THR	THR|THR|THR	ALA|THR|TYR	1.0	1.0	1.0	1.0	1.0	1.0	1.0	1.0	1.0	1.0	1.0	1.0	1.0	1.0	1.0	1.0	1.8050000000000002	1.99	2.965	2.78	2.0549999999999997	1.8	1.9500000000000002	1.9	2.4375	1.7525	2.0225	1.9966666666666668	2.0	1.8099999999999998	2.526666666666667	1.8966666666666665	29	29	28	28	29	28	28	28	28	27	28	28	28	28	28	28	0	0	0	0	0	0	28	28	28	28	29	28	29	28	28	29	0	0	0	0	0	0	29	28	28	28	29	0	0	0	0	0
1ejg	0.54	TYR	A	29	H	2.8149024837739267	1.341851576660318	1.2324706856602243	3.5570304604917564	3.8211507538190346	3.824322410789739	-36.348	-67.474	146.177	178.701	-169.4	112.187	117.259	120.005	132.977	94.232	(A|TYR|29|N|400)(A|THR|30|N|421)	(A|TYR|29|C|402)(A|THR|30|N|421)	(A|TYR|29|C|402)(A|TYR|29|O|403)	(A|TYR|29|N|400)(A|TYR|29|O|403)	(A|TYR|29|CA|401)(A|THR|30|CA|422)	(A|THR|28|CA|387)(A|TYR|29|CA|401)	(A|TYR|29|N|400)(A|TYR|29|CA|401)(A|TYR|29|C|402)(A|THR|30|N|421)	(A|THR|28|C|388)(A|TYR|29|N|400)(A|TYR|29|CA|401)(A|TYR|29|C|402)	(A|TYR|29|N|400)(A|TYR|29|CA|401)(A|TYR|29|C|402)(A|TYR|29|O|403)	(A|THR|28|CA|387)(A|THR|28|C|388)(A|TYR|29|N|400)(A|TYR|29|CA|401)	(A|TYR|29|CA|401)(A|TYR|29|C|402)(A|THR|30|N|421)(A|THR|30|CA|422)	(A|TYR|29|N|400)(A|TYR|29|CA|401)(A|TYR|29|C|402)	(A|TYR|29|CA|401)(A|TYR|29|C|402)(A|THR|30|N|421)	(A|THR|28|C|388)(A|TYR|29|N|400)(A|TYR|29|CA|401)	(A|TYR|29|N|400)(A|TYR|29|CA|401)(A|TYR|29|O|403)	(A|THR|28|CA|387)(A|TYR|29|CA|401)(A|THR|30|CA|422)	TYR|THR	TYR|THR	TYR|TYR	TYR|TYR	TYR|THR	THR|TYR	TYR|TYR|TYR|THR	THR|TYR|TYR|TYR	TYR|TYR|TYR|TYR	THR|THR|TYR|TYR	TYR|TYR|THR|THR	TYR|TYR|TYR	TYR|TYR|THR	THR|TYR|TYR	TYR|TYR|TYR	THR|TYR|THR	1.0	1.0	1.0	1.0	1.0	1.0	1.0	1.0	1.0	1.0	1.0	1.0	1.0	1.0	1.0	1.0	1.82	1.905	2.71	2.625	2.205	2.0549999999999997	1.9275	2.0125	2.33	2.0225	2.055	1.96	1.9666666666666668	2.0233333333333334	2.4466666666666668	2.143333333333333	30	30	29	29	30	29	29	29	29	28	29	29	29	29	29	29	0	0	0	0	0	0	29	29	29	29	30	29	30	29	29	30	0	0	0	0	0	0	30	29	29	29	30	0	0	0	0	0
1ejg	0.54	THR	A	30	H	2.809372313349304	1.332578264468079	1.2381866383770028	3.6242318063118786	3.797710694763192	3.8211507538190346	-20.915	-106.748	164.265	-169.4	-168.577	115.545	117.563	122.357	141.723	108.175	(A|THR|30|N|421)(A|GLY|31|N|435)	(A|THR|30|C|423)(A|GLY|31|N|435)	(A|THR|30|C|423)(A|THR|30|O|424)	(A|THR|30|N|421)(A|THR|30|O|424)	(A|THR|30|CA|422)(A|GLY|31|CA|436)	(A|TYR|29|CA|401)(A|THR|30|CA|422)	(A|THR|30|N|421)(A|THR|30|CA|422)(A|THR|30|C|423)(A|GLY|31|N|435)	(A|TYR|29|C|402)(A|THR|30|N|421)(A|THR|30|CA|422)(A|THR|30|C|423)	(A|THR|30|N|421)(A|THR|30|CA|422)(A|THR|30|C|423)(A|THR|30|O|424)	(A|TYR|29|CA|401)(A|TYR|29|C|402)(A|THR|30|N|421)(A|THR|30|CA|422)	(A|THR|30|CA|422)(A|THR|30|C|423)(A|GLY|31|N|435)(A|GLY|31|CA|436)	(A|THR|30|N|421)(A|THR|30|CA|422)(A|THR|30|C|423)	(A|THR|30|CA|422)(A|THR|30|C|423)(A|GLY|31|N|435)	(A|TYR|29|C|402)(A|THR|30|N|421)(A|THR|30|CA|422)	(A|THR|30|N|421)(A|THR|30|CA|422)(A|THR|30|O|424)	(A|TYR|29|CA|401)(A|THR|30|CA|422)(A|GLY|31|CA|436)	THR|GLY	THR|GLY	THR|THR	THR|THR	THR|GLY	TYR|THR	THR|THR|THR|GLY	TYR|THR|THR|THR	THR|THR|THR|THR	TYR|TYR|THR|THR	THR|THR|GLY|GLY	THR|THR|THR	THR|THR|GLY	TYR|THR|THR	THR|THR|THR	TYR|THR|GLY	1.0	1.0	1.0	1.0	1.0	1.0	1.0	1.0	1.0	1.0	1.0	1.0	1.0	1.0	1.0	1.0	2.1950000000000003	2.645	3.3899999999999997	2.94	2.7249999999999996	2.205	2.3600000000000003	2.215	2.7325	2.055	2.6849999999999996	2.2933333333333334	2.5366666666666666	2.0433333333333334	2.733333333333333	2.513333333333333	31	31	30	30	31	30	30	30	30	29	30	30	30	30	30	30	0	0	0	0	0	0	30	30	30	30	31	30	31	30	30	31	0	0	0	0	0	0	31	30	30	30	31	0	0	0	0	0
1ejg	0.54	GLY	A	31	S	2.7561021138093653	1.3348478794423917	1.2359134988857319	3.6179908266810736	3.8049771500422165	3.797710694763192	-7.093	93.212	174.776	-168.577	170.915	113.999	118.638	121.343	140.902	91.852	(A|GLY|31|N|435)(A|CYS|32|N|442)	(A|GLY|31|C|437)(A|CYS|32|N|442)	(A|GLY|31|C|437)(A|GLY|31|O|438)	(A|GLY|31|N|435)(A|GLY|31|O|438)	(A|GLY|31|CA|436)(A|CYS|32|CA|443)	(A|THR|30|CA|422)(A|GLY|31|CA|436)	(A|GLY|31|N|435)(A|GLY|31|CA|436)(A|GLY|31|C|437)(A|CYS|32|N|442)	(A|THR|30|C|423)(A|GLY|31|N|435)(A|GLY|31|CA|436)(A|GLY|31|C|437)	(A|GLY|31|N|435)(A|GLY|31|CA|436)(A|GLY|31|C|437)(A|GLY|31|O|438)	(A|THR|30|CA|422)(A|THR|30|C|423)(A|GLY|31|N|435)(A|GLY|31|CA|436)	(A|GLY|31|CA|436)(A|GLY|31|C|437)(A|CYS|32|N|442)(A|CYS|32|CA|443)	(A|GLY|31|N|435)(A|GLY|31|CA|436)(A|GLY|31|C|437)	(A|GLY|31|CA|436)(A|GLY|31|C|437)(A|CYS|32|N|442)	(A|THR|30|C|423)(A|GLY|31|N|435)(A|GLY|31|CA|436)	(A|GLY|31|N|435)(A|GLY|31|CA|436)(A|GLY|31|O|438)	(A|THR|30|CA|422)(A|GLY|31|CA|436)(A|CYS|32|CA|443)	GLY|CYS	GLY|CYS	GLY|GLY	GLY|GLY	GLY|CYS	THR|GLY	GLY|GLY|GLY|CYS	THR|GLY|GLY|GLY	GLY|GLY|GLY|GLY	THR|THR|GLY|GLY	GLY|GLY|CYS|CYS	GLY|GLY|GLY	GLY|GLY|CYS	THR|GLY|GLY	GLY|GLY|GLY	THR|GLY|CYS	1.0	1.0	1.0	1.0	1.0	1.0	1.0	1.0	1.0	1.0	1.0	1.0	1.0	1.0	1.0	1.0	2.26	2.04	2.305	2.5250000000000004	2.475	2.7249999999999996	2.4425	2.635	2.575	2.6849999999999996	2.2575	2.603333333333333	2.4033333333333333	2.8066666666666666	2.7266666666666666	2.4233333333333333	32	32	31	31	32	31	31	31	31	30	31	31	31	31	31	31	0	0	0	0	0	0	31	31	31	31	32	31	32	31	31	32	0	0	0	0	0	0	32	31	31	31	32	0	0	0	0	0
1ejg	0.54	CYS	A	32	-	3.643846605290344	1.3384078930131598	1.2256593390245736	2.6884808938680633	3.8151737409894735	3.8049771500422165	168.311	-67.382	-12.771	170.915	-175.953	108.966	114.499	120.375	83.907	117.538	(A|CYS|32|N|442)(A|ILE|33|N|452)	(A|CYS|32|C|444)(A|ILE|33|N|452)	(A|CYS|32|C|444)(A|CYS|32|O|445)	(A|CYS|32|N|442)(A|CYS|32|O|445)	(A|CYS|32|CA|443)(A|ILE|33|CA|453)	(A|GLY|31|CA|436)(A|CYS|32|CA|443)	(A|CYS|32|N|442)(A|CYS|32|CA|443)(A|CYS|32|C|444)(A|ILE|33|N|452)	(A|GLY|31|C|437)(A|CYS|32|N|442)(A|CYS|32|CA|443)(A|CYS|32|C|444)	(A|CYS|32|N|442)(A|CYS|32|CA|443)(A|CYS|32|C|444)(A|CYS|32|O|445)	(A|GLY|31|CA|436)(A|GLY|31|C|437)(A|CYS|32|N|442)(A|CYS|32|CA|443)	(A|CYS|32|CA|443)(A|CYS|32|C|444)(A|ILE|33|N|452)(A|ILE|33|CA|453)	(A|CYS|32|N|442)(A|CYS|32|CA|443)(A|CYS|32|C|444)	(A|CYS|32|CA|443)(A|CYS|32|C|444)(A|ILE|33|N|452)	(A|GLY|31|C|437)(A|CYS|32|N|442)(A|CYS|32|CA|443)	(A|CYS|32|N|442)(A|CYS|32|CA|443)(A|CYS|32|O|445)	(A|GLY|31|CA|436)(A|CYS|32|CA|443)(A|ILE|33|CA|453)	CYS|ILE	CYS|ILE	CYS|CYS	CYS|CYS	CYS|ILE	GLY|CYS	CYS|CYS|CYS|ILE	GLY|CYS|CYS|CYS	CYS|CYS|CYS|CYS	GLY|GLY|CYS|CYS	CYS|CYS|ILE|ILE	CYS|CYS|CYS	CYS|CYS|ILE	GLY|CYS|CYS	CYS|CYS|CYS	GLY|CYS|ILE	1.0	1.0	1.0	1.0	1.0	1.0	1.0	1.0	1.0	1.0	1.0	1.0	1.0	1.0	1.0	1.0	2.08	2.04	2.215	2.255	2.005	2.475	1.965	1.945	2.0525	2.2575	2.0225	1.8866666666666667	1.9666666666666668	1.9666666666666668	2.11	2.3800000000000003	33	33	32	32	33	32	32	32	32	31	32	32	32	32	32	32	0	0	0	0	0	0	32	32	32	32	33	32	33	32	32	33	0	0	0	0	0	0	33	32	32	32	33	0	0	0	0	0
1ejg	0.54	ILE	A	33	E	3.6024691215563225	1.332737349350588	1.2346698144279644	2.713284556526724	3.7904001529759466	3.8151737409894735	159.588	-135.225	-22.352	-175.953	173.75	108.841	113.974	122.135	84.982	139.317	(A|ILE|33|N|452)(A|ILE|34|N|471)	(A|ILE|33|C|454)(A|ILE|34|N|471)	(A|ILE|33|C|454)(A|ILE|33|O|455)	(A|ILE|33|N|452)(A|ILE|33|O|455)	(A|ILE|33|CA|453)(A|ILE|34|CA|472)	(A|CYS|32|CA|443)(A|ILE|33|CA|453)	(A|ILE|33|N|452)(A|ILE|33|CA|453)(A|ILE|33|C|454)(A|ILE|34|N|471)	(A|CYS|32|C|444)(A|ILE|33|N|452)(A|ILE|33|CA|453)(A|ILE|33|C|454)	(A|ILE|33|N|452)(A|ILE|33|CA|453)(A|ILE|33|C|454)(A|ILE|33|O|455)	(A|CYS|32|CA|443)(A|CYS|32|C|444)(A|ILE|33|N|452)(A|ILE|33|CA|453)	(A|ILE|33|CA|453)(A|ILE|33|C|454)(A|ILE|34|N|471)(A|ILE|34|CA|472)	(A|ILE|33|N|452)(A|ILE|33|CA|453)(A|ILE|33|C|454)	(A|ILE|33|CA|453)(A|ILE|33|C|454)(A|ILE|34|N|471)	(A|CYS|32|C|444)(A|ILE|33|N|452)(A|ILE|33|CA|453)	(A|ILE|33|N|452)(A|ILE|33|CA|453)(A|ILE|33|O|455)	(A|CYS|32|CA|443)(A|ILE|33|CA|453)(A|ILE|34|CA|472)	ILE|ILE	ILE|ILE	ILE|ILE	ILE|ILE	ILE|ILE	CYS|ILE	ILE|ILE|ILE|ILE	CYS|ILE|ILE|ILE	ILE|ILE|ILE|ILE	CYS|CYS|ILE|ILE	ILE|ILE|ILE|ILE	ILE|ILE|ILE	ILE|ILE|ILE	CYS|ILE|ILE	ILE|ILE|ILE	CYS|ILE|ILE	1.0	1.0	1.0	1.0	1.0	1.0	1.0	1.0	1.0	1.0	1.0	1.0	1.0	1.0	1.0	1.0	2.415	2.415	2.5250000000000004	2.5250000000000004	2.385	2.005	2.305	2.1174999999999997	2.3600000000000003	2.0225	2.4000000000000004	2.1966666666666668	2.3400000000000003	2.09	2.4133333333333336	2.1966666666666668	34	34	33	33	34	33	33	33	33	32	33	33	33	33	33	33	0	0	0	0	0	0	33	33	33	33	34	33	34	33	33	34	0	0	0	0	0	0	34	33	33	33	34	0	0	0	0	0
1ejg	0.54	ILE	A	34	E	3.46269144267083	1.333761935025725	1.2453447274263565	2.7915658502890093	3.8097631819949287	3.7904001529759466	130.573	-113.22	-50.947	173.75	176.997	107.41	116.605	123.101	89.698	118.726	(A|ILE|34|N|471)(A|ILE|35|N|490)	(A|ILE|34|C|473)(A|ILE|35|N|490)	(A|ILE|34|C|473)(A|ILE|34|O|474)	(A|ILE|34|N|471)(A|ILE|34|O|474)	(A|ILE|34|CA|472)(A|ILE|35|CA|491)	(A|ILE|33|CA|453)(A|ILE|34|CA|472)	(A|ILE|34|N|471)(A|ILE|34|CA|472)(A|ILE|34|C|473)(A|ILE|35|N|490)	(A|ILE|33|C|454)(A|ILE|34|N|471)(A|ILE|34|CA|472)(A|ILE|34|C|473)	(A|ILE|34|N|471)(A|ILE|34|CA|472)(A|ILE|34|C|473)(A|ILE|34|O|474)	(A|ILE|33|CA|453)(A|ILE|33|C|454)(A|ILE|34|N|471)(A|ILE|34|CA|472)	(A|ILE|34|CA|472)(A|ILE|34|C|473)(A|ILE|35|N|490)(A|ILE|35|CA|491)	(A|ILE|34|N|471)(A|ILE|34|CA|472)(A|ILE|34|C|473)	(A|ILE|34|CA|472)(A|ILE|34|C|473)(A|ILE|35|N|490)	(A|ILE|33|C|454)(A|ILE|34|N|471)(A|ILE|34|CA|472)	(A|ILE|34|N|471)(A|ILE|34|CA|472)(A|ILE|34|O|474)	(A|ILE|33|CA|453)(A|ILE|34|CA|472)(A|ILE|35|CA|491)	ILE|ILE	ILE|ILE	ILE|ILE	ILE|ILE	ILE|ILE	ILE|ILE	ILE|ILE|ILE|ILE	ILE|ILE|ILE|ILE	ILE|ILE|ILE|ILE	ILE|ILE|ILE|ILE	ILE|ILE|ILE|ILE	ILE|ILE|ILE	ILE|ILE|ILE	ILE|ILE|ILE	ILE|ILE|ILE	ILE|ILE|ILE	1.0	1.0	1.0	1.0	1.0	1.0	1.0	1.0	1.0	1.0	1.0	1.0	1.0	1.0	1.0	1.0	2.8	2.81	3.145	3.135	2.8600000000000003	2.385	2.7075	2.515	2.875	2.4000000000000004	2.8350000000000004	2.6199999999999997	2.733333333333334	2.47	2.9499999999999997	2.6366666666666667	35	35	34	34	35	34	34	34	34	33	34	34	34	34	34	34	0	0	0	0	0	0	34	34	34	34	35	34	35	34	34	35	0	0	0	0	0	0	35	34	34	34	35	0	0	0	0	0
1ejg	0.54	ILE	A	35	-	3.625253492057626	1.3438994597915894	1.2338921177571365	2.7064762953857517	3.810093525993742	3.8097631819949287	155.742	-125.126	-27.614	176.997	179.382	107.683	116.789	121.242	84.564	129.644	(A|ILE|35|N|490)(A|PRO|36|N|509)	(A|ILE|35|C|492)(A|PRO|36|N|509)	(A|ILE|35|C|492)(A|ILE|35|O|493)	(A|ILE|35|N|490)(A|ILE|35|O|493)	(A|ILE|35|CA|491)(A|PRO|36|CA|510)	(A|ILE|34|CA|472)(A|ILE|35|CA|491)	(A|ILE|35|N|490)(A|ILE|35|CA|491)(A|ILE|35|C|492)(A|PRO|36|N|509)	(A|ILE|34|C|473)(A|ILE|35|N|490)(A|ILE|35|CA|491)(A|ILE|35|C|492)	(A|ILE|35|N|490)(A|ILE|35|CA|491)(A|ILE|35|C|492)(A|ILE|35|O|493)	(A|ILE|34|CA|472)(A|ILE|34|C|473)(A|ILE|35|N|490)(A|ILE|35|CA|491)	(A|ILE|35|CA|491)(A|ILE|35|C|492)(A|PRO|36|N|509)(A|PRO|36|CA|510)	(A|ILE|35|N|490)(A|ILE|35|CA|491)(A|ILE|35|C|492)	(A|ILE|35|CA|491)(A|ILE|35|C|492)(A|PRO|36|N|509)	(A|ILE|34|C|473)(A|ILE|35|N|490)(A|ILE|35|CA|491)	(A|ILE|35|N|490)(A|ILE|35|CA|491)(A|ILE|35|O|493)	(A|ILE|34|CA|472)(A|ILE|35|CA|491)(A|PRO|36|CA|510)	ILE|PRO	ILE|PRO	ILE|ILE	ILE|ILE	ILE|PRO	ILE|ILE	ILE|ILE|ILE|PRO	ILE|ILE|ILE|ILE	ILE|ILE|ILE|ILE	ILE|ILE|ILE|ILE	ILE|ILE|PRO|PRO	ILE|ILE|ILE	ILE|ILE|PRO	ILE|ILE|ILE	ILE|ILE|ILE	ILE|ILE|PRO	1.0	1.0	1.0	1.0	1.0	1.0	1.0	1.0	1.0	1.0	1.0	1.0	1.0	1.0	1.0	1.0	3.27	3.375	3.46	3.3550000000000004	3.455	2.8600000000000003	3.2150000000000003	2.985	3.2575000000000003	2.8350000000000004	3.415	3.096666666666667	3.296666666666667	2.92	3.2833333333333337	3.1633333333333336	36	36	35	35	36	35	35	35	35	34	35	35	35	35	35	35	0	0	0	0	0	0	35	35	35	35	36	35	36	35	35	36	0	0	0	0	0	0	36	35	35	35	36	0	0	0	0	0
1ejg	0.54	PRO	A	36	S	2.7375890680313724	1.3120006200831507	1.244387024210313	3.5769038142771064	3.826336893404608	3.810093525993742	-25.582	-79.533	158.631	179.382	177.257	112.112	117.528	119.782	137.313	92.285	(A|PRO|36|N|509)(A|GLY|37|N|523)	(A|PRO|36|C|511)(A|GLY|37|N|523)	(A|PRO|36|C|511)(A|PRO|36|O|512)	(A|PRO|36|N|509)(A|PRO|36|O|512)	(A|PRO|36|CA|510)(A|GLY|37|CA|524)	(A|ILE|35|CA|491)(A|PRO|36|CA|510)	(A|PRO|36|N|509)(A|PRO|36|CA|510)(A|PRO|36|C|511)(A|GLY|37|N|523)	(A|ILE|35|C|492)(A|PRO|36|N|509)(A|PRO|36|CA|510)(A|PRO|36|C|511)	(A|PRO|36|N|509)(A|PRO|36|CA|510)(A|PRO|36|C|511)(A|PRO|36|O|512)	(A|ILE|35|CA|491)(A|ILE|35|C|492)(A|PRO|36|N|509)(A|PRO|36|CA|510)	(A|PRO|36|CA|510)(A|PRO|36|C|511)(A|GLY|37|N|523)(A|GLY|37|CA|524)	(A|PRO|36|N|509)(A|PRO|36|CA|510)(A|PRO|36|C|511)	(A|PRO|36|CA|510)(A|PRO|36|C|511)(A|GLY|37|N|523)	(A|ILE|35|C|492)(A|PRO|36|N|509)(A|PRO|36|CA|510)	(A|PRO|36|N|509)(A|PRO|36|CA|510)(A|PRO|36|O|512)	(A|ILE|35|CA|491)(A|PRO|36|CA|510)(A|GLY|37|CA|524)	PRO|GLY	PRO|GLY	PRO|PRO	PRO|PRO	PRO|GLY	ILE|PRO	PRO|PRO|PRO|GLY	ILE|PRO|PRO|PRO	PRO|PRO|PRO|PRO	ILE|ILE|PRO|PRO	PRO|PRO|GLY|GLY	PRO|PRO|PRO	PRO|PRO|GLY	ILE|PRO|PRO	PRO|PRO|PRO	ILE|PRO|GLY	1.0	1.0	1.0	1.0	1.0	1.0	1.0	1.0	1.0	1.0	1.0	1.0	1.0	1.0	1.0	1.0	4.08	4.43	5.265	4.915	5.21	3.455	4.05	3.6975	4.467499999999999	3.415	4.82	3.8699999999999997	4.21	3.5066666666666664	4.533333333333333	4.5200000000000005	37	37	36	36	37	36	36	36	36	35	36	36	36	36	36	36	0	0	0	0	0	0	36	36	36	36	37	36	37	36	36	37	0	0	0	0	0	0	37	36	36	36	37	0	0	0	0	0
1ejg	0.54	GLY	A	37	S	3.6536944791539954	1.3334666040491958	1.2192668996568123	2.7267370770160815	3.758672437976511	3.826336893404608	-169.082	-79.396	8.669	177.257	-176.332	110.696	113.907	123.466	85.71	128.873	(A|GLY|37|N|523)(A|ALA|38|N|530)	(A|GLY|37|C|525)(A|ALA|38|N|530)	(A|GLY|37|C|525)(A|GLY|37|O|526)	(A|GLY|37|N|523)(A|GLY|37|O|526)	(A|GLY|37|CA|524)(A|ALA|38|CA|531)	(A|PRO|36|CA|510)(A|GLY|37|CA|524)	(A|GLY|37|N|523)(A|GLY|37|CA|524)(A|GLY|37|C|525)(A|ALA|38|N|530)	(A|PRO|36|C|511)(A|GLY|37|N|523)(A|GLY|37|CA|524)(A|GLY|37|C|525)	(A|GLY|37|N|523)(A|GLY|37|CA|524)(A|GLY|37|C|525)(A|GLY|37|O|526)	(A|PRO|36|CA|510)(A|PRO|36|C|511)(A|GLY|37|N|523)(A|GLY|37|CA|524)	(A|GLY|37|CA|524)(A|GLY|37|C|525)(A|ALA|38|N|530)(A|ALA|38|CA|531)	(A|GLY|37|N|523)(A|GLY|37|CA|524)(A|GLY|37|C|525)	(A|GLY|37|CA|524)(A|GLY|37|C|525)(A|ALA|38|N|530)	(A|PRO|36|C|511)(A|GLY|37|N|523)(A|GLY|37|CA|524)	(A|GLY|37|N|523)(A|GLY|37|CA|524)(A|GLY|37|O|526)	(A|PRO|36|CA|510)(A|GLY|37|CA|524)(A|ALA|38|CA|531)	GLY|ALA	GLY|ALA	GLY|GLY	GLY|GLY	GLY|ALA	PRO|GLY	GLY|GLY|GLY|ALA	PRO|GLY|GLY|GLY	GLY|GLY|GLY|GLY	PRO|PRO|GLY|GLY	GLY|GLY|ALA|ALA	GLY|GLY|GLY	GLY|GLY|ALA	PRO|GLY|GLY	GLY|GLY|GLY	PRO|GLY|ALA	1.0	1.0	1.0	1.0	1.0	1.0	1.0	1.0	1.0	1.0	1.0	1.0	1.0	1.0	1.0	1.0	4.465	4.68	5.83	5.615	5.815	5.21	5.1499999999999995	5.1325	5.725	4.82	5.2475	5.419999999999999	5.336666666666666	5.17	5.96	5.133333333333334	38	38	37	37	38	37	37	37	37	36	37	37	37	37	37	37	0	0	0	0	0	0	37	37	37	37	38	37	38	37	37	38	0	0	0	0	0	0	38	37	37	37	38	0	0	0	0	0
1ejg	0.54	ALA	A	38	S	2.701992332548183	1.3402867981951525	1.2338725835967643	3.600028041690169	3.81168118860721	3.758672437976511	-2.004	-117.99	179.417	-176.332	-170.928	112.241	117.431	122.584	139.037	100.774	(A|ALA|38|N|530)(A|THR|39|N|540)	(A|ALA|38|C|532)(A|THR|39|N|540)	(A|ALA|38|C|532)(A|ALA|38|O|533)	(A|ALA|38|N|530)(A|ALA|38|O|533)	(A|ALA|38|CA|531)(A|THR|39|CA|541)	(A|GLY|37|CA|524)(A|ALA|38|CA|531)	(A|ALA|38|N|530)(A|ALA|38|CA|531)(A|ALA|38|C|532)(A|THR|39|N|540)	(A|GLY|37|C|525)(A|ALA|38|N|530)(A|ALA|38|CA|531)(A|ALA|38|C|532)	(A|ALA|38|N|530)(A|ALA|38|CA|531)(A|ALA|38|C|532)(A|ALA|38|O|533)	(A|GLY|37|CA|524)(A|GLY|37|C|525)(A|ALA|38|N|530)(A|ALA|38|CA|531)	(A|ALA|38|CA|531)(A|ALA|38|C|532)(A|THR|39|N|540)(A|THR|39|CA|541)	(A|ALA|38|N|530)(A|ALA|38|CA|531)(A|ALA|38|C|532)	(A|ALA|38|CA|531)(A|ALA|38|C|532)(A|THR|39|N|540)	(A|GLY|37|C|525)(A|ALA|38|N|530)(A|ALA|38|CA|531)	(A|ALA|38|N|530)(A|ALA|38|CA|531)(A|ALA|38|O|533)	(A|GLY|37|CA|524)(A|ALA|38|CA|531)(A|THR|39|CA|541)	ALA|THR	ALA|THR	ALA|ALA	ALA|ALA	ALA|THR	GLY|ALA	ALA|ALA|ALA|THR	GLY|ALA|ALA|ALA	ALA|ALA|ALA|ALA	GLY|GLY|ALA|ALA	ALA|ALA|THR|THR	ALA|ALA|ALA	ALA|ALA|THR	GLY|ALA|ALA	ALA|ALA|ALA	GLY|ALA|THR	1.0	1.0	1.0	1.0	1.0	1.0	1.0	1.0	1.0	1.0	1.0	1.0	1.0	1.0	1.0	1.0	4.609999999999999	5.12	6.5600000000000005	6.05	5.405	5.815	4.89	4.925	5.609999999999999	5.2475	5.262499999999999	4.8933333333333335	5.073333333333333	4.78	5.6933333333333325	5.82	39	39	38	38	39	38	38	38	38	37	38	38	38	38	38	38	0	0	0	0	0	0	38	38	38	38	39	38	39	38	38	39	0	0	0	0	0	0	39	38	38	38	39	0	0	0	0	0
1ejg	0.54	THR	A	39	-	3.2994728050704647	1.315642215692838	1.2400478146287357	3.019715424015244	3.7717382930389283	3.81168118860721	106.731	-114.54	-74.356	-170.928	-178.881	110.243	116.924	121.272	101.286	117.535	(A|THR|39|N|540)(A|CYS|40|N|553)	(A|THR|39|C|542)(A|CYS|40|N|553)	(A|THR|39|C|542)(A|THR|39|O|543)	(A|THR|39|N|540)(A|THR|39|O|543)	(A|THR|39|CA|541)(A|CYS|40|CA|554)	(A|ALA|38|CA|531)(A|THR|39|CA|541)	(A|THR|39|N|540)(A|THR|39|CA|541)(A|THR|39|C|542)(A|CYS|40|N|553)	(A|ALA|38|C|532)(A|THR|39|N|540)(A|THR|39|CA|541)(A|THR|39|C|542)	(A|THR|39|N|540)(A|THR|39|CA|541)(A|THR|39|C|542)(A|THR|39|O|543)	(A|ALA|38|CA|531)(A|ALA|38|C|532)(A|THR|39|N|540)(A|THR|39|CA|541)	(A|THR|39|CA|541)(A|THR|39|C|542)(A|CYS|40|N|553)(A|CYS|40|CA|554)	(A|THR|39|N|540)(A|THR|39|CA|541)(A|THR|39|C|542)	(A|THR|39|CA|541)(A|THR|39|C|542)(A|CYS|40|N|553)	(A|ALA|38|C|532)(A|THR|39|N|540)(A|THR|39|CA|541)	(A|THR|39|N|540)(A|THR|39|CA|541)(A|THR|39|O|543)	(A|ALA|38|CA|531)(A|THR|39|CA|541)(A|CYS|40|CA|554)	THR|CYS	THR|CYS	THR|THR	THR|THR	THR|CYS	ALA|THR	THR|THR|THR|CYS	ALA|THR|THR|THR	THR|THR|THR|THR	ALA|ALA|THR|THR	THR|THR|CYS|CYS	THR|THR|THR	THR|THR|CYS	ALA|THR|THR	THR|THR|THR	ALA|THR|CYS	1.0	1.0	1.0	1.0	1.0	1.0	1.0	1.0	1.0	1.0	1.0	1.0	1.0	1.0	1.0	1.0	4.48	4.515000000000001	5.895	5.859999999999999	4.735	5.405	4.9350000000000005	5.255	5.625	5.262499999999999	4.625	5.22	4.953333333333334	5.3566666666666665	5.8500000000000005	4.816666666666667	40	40	39	39	40	39	39	39	39	38	39	39	39	39	39	39	0	0	0	0	0	0	39	39	39	39	40	39	40	39	39	40	0	0	0	0	0	0	40	39	39	39	40	0	0	0	0	0
1ejg	0.54	CYS	A	40	-	3.5780484525686362	1.322051008634419	1.2261442462456227	2.7977616851429685	3.8185713460886896	3.7717382930389283	143.632	-77.095	-37.918	-178.881	179.938	109.94	116.559	120.345	89.038	116.931	(A|CYS|40|N|553)(A|PRO|41|N|563)	(A|CYS|40|C|555)(A|PRO|41|N|563)	(A|CYS|40|C|555)(A|CYS|40|O|556)	(A|CYS|40|N|553)(A|CYS|40|O|556)	(A|CYS|40|CA|554)(A|PRO|41|CA|564)	(A|THR|39|CA|541)(A|CYS|40|CA|554)	(A|CYS|40|N|553)(A|CYS|40|CA|554)(A|CYS|40|C|555)(A|PRO|41|N|563)	(A|THR|39|C|542)(A|CYS|40|N|553)(A|CYS|40|CA|554)(A|CYS|40|C|555)	(A|CYS|40|N|553)(A|CYS|40|CA|554)(A|CYS|40|C|555)(A|CYS|40|O|556)	(A|THR|39|CA|541)(A|THR|39|C|542)(A|CYS|40|N|553)(A|CYS|40|CA|554)	(A|CYS|40|CA|554)(A|CYS|40|C|555)(A|PRO|41|N|563)(A|PRO|41|CA|564)	(A|CYS|40|N|553)(A|CYS|40|CA|554)(A|CYS|40|C|555)	(A|CYS|40|CA|554)(A|CYS|40|C|555)(A|PRO|41|N|563)	(A|THR|39|C|542)(A|CYS|40|N|553)(A|CYS|40|CA|554)	(A|CYS|40|N|553)(A|CYS|40|CA|554)(A|CYS|40|O|556)	(A|THR|39|CA|541)(A|CYS|40|CA|554)(A|PRO|41|CA|564)	CYS|PRO	CYS|PRO	CYS|CYS	CYS|CYS	CYS|PRO	THR|CYS	CYS|CYS|CYS|PRO	THR|CYS|CYS|CYS	CYS|CYS|CYS|CYS	THR|THR|CYS|CYS	CYS|CYS|PRO|PRO	CYS|CYS|CYS	CYS|CYS|PRO	THR|CYS|CYS	CYS|CYS|CYS	THR|CYS|PRO	1.0	1.0	1.0	1.0	1.0	1.0	1.0	1.0	1.0	1.0	1.0	1.0	1.0	1.0	1.0	1.0	4.275	4.15	4.395	4.52	4.295	4.735	4.005	4.125	4.1275	4.625	4.2225	3.85	3.9800000000000004	4.223333333333334	4.226666666666667	4.8066666666666675	41	41	40	40	41	40	40	40	40	39	40	40	40	40	40	40	0	0	0	0	0	0	40	40	40	40	41	40	41	40	40	41	0	0	0	0	0	0	41	40	40	40	41	0	0	0	0	0
1ejg	0.54	PRO	A	41	-	3.6955417837579323	1.354906992923391	1.2303771041401093	2.7649662754315005	3.8101733813308214	3.8185713460886896	169.155	-78.111	-12.332	179.938	-174.217	112.384	114.753	119.722	87.313	125.859	(A|PRO|41|N|563)(A|GLY|42|N|577)	(A|PRO|41|C|565)(A|GLY|42|N|577)	(A|PRO|41|C|565)(A|PRO|41|O|566)	(A|PRO|41|N|563)(A|PRO|41|O|566)	(A|PRO|41|CA|564)(A|GLY|42|CA|578)	(A|CYS|40|CA|554)(A|PRO|41|CA|564)	(A|PRO|41|N|563)(A|PRO|41|CA|564)(A|PRO|41|C|565)(A|GLY|42|N|577)	(A|CYS|40|C|555)(A|PRO|41|N|563)(A|PRO|41|CA|564)(A|PRO|41|C|565)	(A|PRO|41|N|563)(A|PRO|41|CA|564)(A|PRO|41|C|565)(A|PRO|41|O|566)	(A|CYS|40|CA|554)(A|CYS|40|C|555)(A|PRO|41|N|563)(A|PRO|41|CA|564)	(A|PRO|41|CA|564)(A|PRO|41|C|565)(A|GLY|42|N|577)(A|GLY|42|CA|578)	(A|PRO|41|N|563)(A|PRO|41|CA|564)(A|PRO|41|C|565)	(A|PRO|41|CA|564)(A|PRO|41|C|565)(A|GLY|42|N|577)	(A|CYS|40|C|555)(A|PRO|41|N|563)(A|PRO|41|CA|564)	(A|PRO|41|N|563)(A|PRO|41|CA|564)(A|PRO|41|O|566)	(A|CYS|40|CA|554)(A|PRO|41|CA|564)(A|GLY|42|CA|578)	PRO|GLY	PRO|GLY	PRO|PRO	PRO|PRO	PRO|GLY	CYS|PRO	PRO|PRO|PRO|GLY	CYS|PRO|PRO|PRO	PRO|PRO|PRO|PRO	CYS|CYS|PRO|PRO	PRO|PRO|GLY|GLY	PRO|PRO|PRO	PRO|PRO|GLY	CYS|PRO|PRO	PRO|PRO|PRO	CYS|PRO|GLY	1.0	1.0	1.0	1.0	1.0	1.0	1.0	1.0	1.0	1.0	1.0	1.0	1.0	1.0	1.0	1.0	4.6899999999999995	4.535	4.08	4.234999999999999	5.005	4.295	4.6225000000000005	4.3525	4.395	4.2225	4.77	4.526666666666666	4.673333333333333	4.416666666666667	4.473333333333334	4.55	42	42	41	41	42	41	41	41	41	40	41	41	41	41	41	41	0	0	0	0	0	0	41	41	41	41	42	41	42	41	41	42	0	0	0	0	0	0	42	41	41	41	42	0	0	0	0	0
1ejg	0.54	GLY	A	42	T	2.823184866411197	1.335100058737779	1.2272125296857874	3.6096810615806065	3.807412704058224	3.8101733813308214	-21.795	-64.101	160.365	-174.217	177.142	115.922	118.553	121.364	140.982	94.084	(A|GLY|42|N|577)(A|ASP|43|N|584)	(A|GLY|42|C|579)(A|ASP|43|N|584)	(A|GLY|42|C|579)(A|GLY|42|O|580)	(A|GLY|42|N|577)(A|GLY|42|O|580)	(A|GLY|42|CA|578)(A|ASP|43|CA|585)	(A|PRO|41|CA|564)(A|GLY|42|CA|578)	(A|GLY|42|N|577)(A|GLY|42|CA|578)(A|GLY|42|C|579)(A|ASP|43|N|584)	(A|PRO|41|C|565)(A|GLY|42|N|577)(A|GLY|42|CA|578)(A|GLY|42|C|579)	(A|GLY|42|N|577)(A|GLY|42|CA|578)(A|GLY|42|C|579)(A|GLY|42|O|580)	(A|PRO|41|CA|564)(A|PRO|41|C|565)(A|GLY|42|N|577)(A|GLY|42|CA|578)	(A|GLY|42|CA|578)(A|GLY|42|C|579)(A|ASP|43|N|584)(A|ASP|43|CA|585)	(A|GLY|42|N|577)(A|GLY|42|CA|578)(A|GLY|42|C|579)	(A|GLY|42|CA|578)(A|GLY|42|C|579)(A|ASP|43|N|584)	(A|PRO|41|C|565)(A|GLY|42|N|577)(A|GLY|42|CA|578)	(A|GLY|42|N|577)(A|GLY|42|CA|578)(A|GLY|42|O|580)	(A|PRO|41|CA|564)(A|GLY|42|CA|578)(A|ASP|43|CA|585)	GLY|ASP	GLY|ASP	GLY|GLY	GLY|GLY	GLY|ASP	PRO|GLY	GLY|GLY|GLY|ASP	PRO|GLY|GLY|GLY	GLY|GLY|GLY|GLY	PRO|PRO|GLY|GLY	GLY|GLY|ASP|ASP	GLY|GLY|GLY	GLY|GLY|ASP	PRO|GLY|GLY	GLY|GLY|GLY	PRO|GLY|ASP	1.0	1.0	1.0	1.0	1.0	1.0	1.0	1.0	1.0	1.0	1.0	1.0	1.0	1.0	1.0	1.0	4.105	3.725	5.23	5.609999999999999	4.09	5.005	4.3549999999999995	4.57	5.1075	4.77	3.9075000000000006	4.706666666666666	4.170000000000001	4.71	5.426666666666666	4.376666666666666	43	43	42	42	43	42	42	42	42	41	42	42	42	42	42	42	0	0	0	0	0	0	42	42	42	42	43	42	43	42	42	43	0	0	0	0	0	0	43	42	42	42	43	0	0	0	0	0
1ejg	0.54	ASP	A	43	T	2.6944132789027084	1.3368427837270074	1.2388694125642696	3.6226012976764697	3.8400909350239147	3.807412704058224	0.338	-94.373	178.799	177.142	169.991	112.271	116.644	122.461	139.29	91.076	(A|ASP|43|N|584)(A|TYR|44|N|596)	(A|ASP|43|C|586)(A|TYR|44|N|596)	(A|ASP|43|C|586)(A|ASP|43|O|587)	(A|ASP|43|N|584)(A|ASP|43|O|587)	(A|ASP|43|CA|585)(A|TYR|44|CA|597)	(A|GLY|42|CA|578)(A|ASP|43|CA|585)	(A|ASP|43|N|584)(A|ASP|43|CA|585)(A|ASP|43|C|586)(A|TYR|44|N|596)	(A|GLY|42|C|579)(A|ASP|43|N|584)(A|ASP|43|CA|585)(A|ASP|43|C|586)	(A|ASP|43|N|584)(A|ASP|43|CA|585)(A|ASP|43|C|586)(A|ASP|43|O|587)	(A|GLY|42|CA|578)(A|GLY|42|C|579)(A|ASP|43|N|584)(A|ASP|43|CA|585)	(A|ASP|43|CA|585)(A|ASP|43|C|586)(A|TYR|44|N|596)(A|TYR|44|CA|597)	(A|ASP|43|N|584)(A|ASP|43|CA|585)(A|ASP|43|C|586)	(A|ASP|43|CA|585)(A|ASP|43|C|586)(A|TYR|44|N|596)	(A|GLY|42|C|579)(A|ASP|43|N|584)(A|ASP|43|CA|585)	(A|ASP|43|N|584)(A|ASP|43|CA|585)(A|ASP|43|O|587)	(A|GLY|42|CA|578)(A|ASP|43|CA|585)(A|TYR|44|CA|597)	ASP|TYR	ASP|TYR	ASP|ASP	ASP|ASP	ASP|TYR	GLY|ASP	ASP|ASP|ASP|TYR	GLY|ASP|ASP|ASP	ASP|ASP|ASP|ASP	GLY|GLY|ASP|ASP	ASP|ASP|TYR|TYR	ASP|ASP|ASP	ASP|ASP|TYR	GLY|ASP|ASP	ASP|ASP|ASP	GLY|ASP|TYR	1.0	1.0	1.0	1.0	1.0	1.0	1.0	1.0	1.0	1.0	1.0	1.0	1.0	1.0	1.0	1.0	2.74	2.2750000000000004	2.58	3.045	2.55	4.09	2.7424999999999997	3.2350000000000003	2.8949999999999996	3.9075000000000006	2.4125	2.9299999999999997	2.5566666666666666	3.5233333333333334	3.0700000000000003	3.3866666666666667	44	44	43	43	44	43	43	43	43	42	43	43	43	43	43	43	0	0	0	0	0	0	43	43	43	43	44	43	44	43	43	44	0	0	0	0	0	0	44	43	43	43	44	0	0	0	0	0
1ejg	0.54	TYR	A	44	S	2.8201643112850556	1.3446298632796996	1.2293779379070928	3.3730885588067787	3.7681140592334392	3.8400909350239147	57.885	-131.743	-117.866	169.991	-166.667	107.906	113.138	121.858	117.956	94.2	(A|TYR|44|N|596)(A|ALA|45|N|617)	(A|TYR|44|C|598)(A|ALA|45|N|617)	(A|TYR|44|C|598)(A|TYR|44|O|599)	(A|TYR|44|N|596)(A|TYR|44|O|599)	(A|TYR|44|CA|597)(A|ALA|45|CA|618)	(A|ASP|43|CA|585)(A|TYR|44|CA|597)	(A|TYR|44|N|596)(A|TYR|44|CA|597)(A|TYR|44|C|598)(A|ALA|45|N|617)	(A|ASP|43|C|586)(A|TYR|44|N|596)(A|TYR|44|CA|597)(A|TYR|44|C|598)	(A|TYR|44|N|596)(A|TYR|44|CA|597)(A|TYR|44|C|598)(A|TYR|44|O|599)	(A|ASP|43|CA|585)(A|ASP|43|C|586)(A|TYR|44|N|596)(A|TYR|44|CA|597)	(A|TYR|44|CA|597)(A|TYR|44|C|598)(A|ALA|45|N|617)(A|ALA|45|CA|618)	(A|TYR|44|N|596)(A|TYR|44|CA|597)(A|TYR|44|C|598)	(A|TYR|44|CA|597)(A|TYR|44|C|598)(A|ALA|45|N|617)	(A|ASP|43|C|586)(A|TYR|44|N|596)(A|TYR|44|CA|597)	(A|TYR|44|N|596)(A|TYR|44|CA|597)(A|TYR|44|O|599)	(A|ASP|43|CA|585)(A|TYR|44|CA|597)(A|ALA|45|CA|618)	TYR|ALA	TYR|ALA	TYR|TYR	TYR|TYR	TYR|ALA	ASP|TYR	TYR|TYR|TYR|ALA	ASP|TYR|TYR|TYR	TYR|TYR|TYR|TYR	ASP|ASP|TYR|TYR	TYR|TYR|ALA|ALA	TYR|TYR|TYR	TYR|TYR|ALA	ASP|TYR|TYR	TYR|TYR|TYR	ASP|TYR|ALA	1.0	1.0	1.0	1.0	1.0	1.0	1.0	1.0	1.0	1.0	1.0	1.0	1.0	1.0	1.0	1.0	2.215	2.25	2.5149999999999997	2.48	2.2350000000000003	2.55	2.165	2.1950000000000003	2.2975	2.4125	2.2425	2.1366666666666667	2.16	2.176666666666667	2.313333333333333	2.53	45	45	44	44	45	44	44	44	44	43	44	44	44	44	44	44	0	0	0	0	0	0	44	44	44	44	45	44	45	44	44	45	0	0	0	0	0	0	45	44	44	44	45	0	0	0	0	0
1ejg	0.54	ALA	A	45	-	2.7522686940891257	1.3303165868747626	1.2384389058808072	3.629824155842293	3.7979773091486777	3.7681140592334392	-7.567	-84.979	174.481	-166.667	-174.615	116.012	116.867	122.669	143.125	99.959	(A|ALA|45|N|617)(A|ASN|46|N|627)	(A|ALA|45|C|619)(A|ASN|46|N|627)	(A|ALA|45|C|619)(A|ALA|45|O|620)	(A|ALA|45|N|617)(A|ALA|45|O|620)	(A|ALA|45|CA|618)(A|ASN|46|CA|628)	(A|TYR|44|CA|597)(A|ALA|45|CA|618)	(A|ALA|45|N|617)(A|ALA|45|CA|618)(A|ALA|45|C|619)(A|ASN|46|N|627)	(A|TYR|44|C|598)(A|ALA|45|N|617)(A|ALA|45|CA|618)(A|ALA|45|C|619)	(A|ALA|45|N|617)(A|ALA|45|CA|618)(A|ALA|45|C|619)(A|ALA|45|O|620)	(A|TYR|44|CA|597)(A|TYR|44|C|598)(A|ALA|45|N|617)(A|ALA|45|CA|618)	(A|ALA|45|CA|618)(A|ALA|45|C|619)(A|ASN|46|N|627)(A|ASN|46|CA|628)	(A|ALA|45|N|617)(A|ALA|45|CA|618)(A|ALA|45|C|619)	(A|ALA|45|CA|618)(A|ALA|45|C|619)(A|ASN|46|N|627)	(A|TYR|44|C|598)(A|ALA|45|N|617)(A|ALA|45|CA|618)	(A|ALA|45|N|617)(A|ALA|45|CA|618)(A|ALA|45|O|620)	(A|TYR|44|CA|597)(A|ALA|45|CA|618)(A|ASN|46|CA|628)	ALA|ASN	ALA|ASN	ALA|ALA	ALA|ALA	ALA|ASN	TYR|ALA	ALA|ALA|ALA|ASN	TYR|ALA|ALA|ALA	ALA|ALA|ALA|ALA	TYR|TYR|ALA|ALA	ALA|ALA|ASN|ASN	ALA|ALA|ALA	ALA|ALA|ASN	TYR|ALA|ALA	ALA|ALA|ALA	TYR|ALA|ASN	1.0	1.0	1.0	1.0	1.0	1.0	1.0	1.0	1.0	1.0	1.0	1.0	1.0	1.0	1.0	1.0	2.31	2.415	2.955	2.85	2.4850000000000003	2.2350000000000003	2.3925	2.3625	2.6625	2.2425	2.45	2.4	2.44	2.33	2.7300000000000004	2.316666666666667	46	46	45	45	46	45	45	45	45	44	45	45	45	45	45	45	0	0	0	0	0	0	45	45	45	45	46	45	46	45	45	46	0	0	0	0	0	0	46	45	45	45	46	0	0	0	0	0
