pdb_code	resolution	rid	chain	aa	image_name	software	refinement	r_work	r_free	stereo_target	is_multipole	dssp	NZ[aa|20]:(O)[dis|2.1><2.9,rid|>1,aa|20]	info_NZ[aa|20]:(O)[dis|2.1><2.9,rid|>1,aa|20]
1iua	0.8	59	A	LYS	1iua_LYS_ALA_A_59_NZ_A_A_51_O_A_	SHELXL-97	MOLECULAR REPLACEMENT	nan	0.1141	Engh&Huber	False	E	2.732633064506311	(A|LYS|59|NZ|436)(A|ALA|51|O|372)
1pq7	0.8	104	A	LYS	1pq7_LYS_TYR_A_104_NZ_A_A_238_O_A_	SHELXL	MOLECULAR REPLACEMENT	0.1094	nan	Engh&Huber	False	E	2.8157951391891847	(A|LYS|104|NZ|1231)(A|TYR|238|O|3037)
1pq7	0.8	154	A	LYS	1pq7_LYS_ASP_A_154_NZ_A_A_26_OD2_A_	SHELXL	MOLECULAR REPLACEMENT	0.1094	nan	Engh&Huber	False	E	2.756657337949874	(A|LYS|154|NZ|1880)(A|ASP|26|OD2|122)
1r6j	0.73	203	A	LYS	1r6j_LYS_LEU_A_203_NZ_A_A_258_O_A_	SHELXL-97	AB INITIO	0.0747	0.0866	nan	False	-	2.754511058247241	(A|LYS|203|NZ|92)(A|LEU|258|O|498)
1r6j	0.73	217	A	LYS	1r6j_LYS_ASN_A_217_NZ_A_A_237_OD1_A_	SHELXL-97	AB INITIO	0.0747	0.0866	nan	False	E	2.7948739195614762	(A|LYS|217|NZ|198)(A|ASN|237|OD1|345)
1ucs	0.62	2	A	LYS	1ucs_LYS_GLU_A_2_NZ_A_A_35_OE1_A_	SHELXL-97	MOLECULAR REPLACEMENT	0.133	0.155	Engh&Huber	False	-	2.829394663204767	(A|LYS|2|NZ|25)(A|GLU|35|OE1|528)
1ucs	0.62	39	A	LYS	1ucs_LYS_GLU_A_39_NZ_A_A_36_OE1_A_	SHELXL-97	MOLECULAR REPLACEMENT	0.133	0.155	Engh&Huber	False	H	2.7909201601030267	(A|LYS|39|NZ|592)(A|GLU|36|OE1|543)
1ucs	0.62	61	A	LYS	1ucs_LYS_ASN_A_61_NZ_A_A_14_OD1_A_	SHELXL-97	MOLECULAR REPLACEMENT	0.133	0.155	Engh&Huber	False	T	2.803759634361114	(A|LYS|61|NZ|933)(A|ASN|14|OD1|210)
1us0	0.66	21	A	LYS	1us0_LYS_TRP_A_21_NZ_A_A_20_O_A_	SHELXL-97	MAD	nan	0.1032	Engh&Huber	False	T	2.8432015684301493	(A|LYS|21|NZ|165)(A|TRP|20|O|146)
1us0	0.66	61	A	LYS	1us0_LYS_ASP_A_61_NZ_A_A_36_OD1_A_	SHELXL-97	MAD	nan	0.1032	Engh&Huber	False	H	2.820562568753706	(A|LYS|61|NZ|471)(A|ASP|36|OD1|269)
1us0	0.66	77	A	LYS	1us0_LYS_ASP_A_77_NZ_A_A_43_OD2_A_	SHELXL-97	MAD	nan	0.1032	Engh&Huber	False	E	2.660780394484932	(A|LYS|77|NZ|609)(A|ASP|43|OD2|330)
1us0	0.66	176	A	LYS	1us0_LYS_ASP_A_176_NZ_A_A_149_OD2_A_	SHELXL-97	MAD	nan	0.1032	Engh&Huber	False	-	2.764035956881861	(A|LYS|176|NZ|1395)(A|ASP|149|OD2|1188)
1us0	0.66	262	A	LYS	1us0_LYS_ASP_A_262_NZ_A_A_216_OD2_A_	SHELXL-97	MAD	nan	0.1032	Engh&Huber	False	B	2.81868922373031	(A|LYS|262|NZ|2081)(A|ASP|216|OD2|1709)
1x6z	0.78	44	A	LYS	1x6z_LYS_ASN_A_44_NZ_A_A_41_OD1_A_	REFMAC	MOLECULAR REPLACEMENT	0.14194	0.1535	MAXIMUM LIKELIHOOD	False	H	2.8818889775298397	(A|LYS|44|NZ|261)(A|ASN|41|OD1|212)
1x6z	0.78	81	A	LYS	1x6z_LYS_ASP_A_81_NZ_A_A_78_O_A_	REFMAC	MOLECULAR REPLACEMENT	0.14194	0.1535	MAXIMUM LIKELIHOOD	False	T	2.880500790852013	(A|LYS|81|NZ|792)(A|ASP|78|O|751)
2ixt	0.8	52	A	LYS	2ixt_LYS_GLN_A_52_NZ_A_A_50_OE1_A_	REFMAC	MOLECULAR REPLACEMENT	0.137	0.154	MAXIMUM LIKELIHOOD	False	E	2.8999649103609753	(A|LYS|52|NZ|386)(A|GLN|50|OE1|370)
2ixt	0.8	103	A	LYS	2ixt_LYS_ASP_A_103_NZ_A_A_107_OD1_A_	REFMAC	MOLECULAR REPLACEMENT	0.137	0.154	MAXIMUM LIKELIHOOD	False	E	2.786341863296368	(A|LYS|103|NZ|748)(A|ASP|107|OD1|778)
2ixt	0.8	262	A	LYS	2ixt_LYS_THR_A_262_NZ_A_A_23_O_A_	REFMAC	MOLECULAR REPLACEMENT	0.137	0.154	MAXIMUM LIKELIHOOD	False	H	2.8060772441176867	(A|LYS|262|NZ|1879)(A|THR|23|O|178)
2ixt	0.8	103	B	LYS	2ixt_LYS_ASP_B_103_NZ_A_B_107_OD1_A_	REFMAC	MOLECULAR REPLACEMENT	0.137	0.154	MAXIMUM LIKELIHOOD	False	E	2.784079057904397	(B|LYS|103|NZ|3489)(B|ASP|107|OD1|3519)
2ov0	0.75	74	A	LYS	2ov0_LYS_GLU_A_74_NZ_A_A_75_OE2_A_	SHELX	AB INITIO	0.1251	0.1418	Engh&Huber	False	T	2.732460585987067	(A|LYS|74|NZ|555)(A|GLU|75|OE2|564)
2pve	0.79	31	A	LYS	2pve_LYS_ASP_A_31_NZ_A_A_29_OD1_A_	SHELXL-97	MOLECULAR REPLACEMENT	nan	0.125	Engh&Huber	False	G	2.8338169292313817	(A|LYS|31|NZ|454)(A|ASP|29|OD1|420)
2pve	0.79	46	A	LYS	2pve_LYS_PHE_A_46_NZ_A_A_30_O_A_	SHELXL-97	MOLECULAR REPLACEMENT	nan	0.125	Engh&Huber	False	G	2.782350074739075	(A|LYS|46|NZ|669)(A|PHE|30|O|429)
2pve	0.79	131	B	LYS	2pve_LYS_ASP_B_131_NZ_A_B_132_OD2_A_	SHELXL-97	MOLECULAR REPLACEMENT	nan	0.125	Engh&Huber	False	G	2.8418418465650954	(B|LYS|131|NZ|1344)(B|ASP|132|OD2|1365)
2pve	0.79	146	B	LYS	2pve_LYS_PHE_B_146_NZ_A_B_130_O_A_	SHELXL-97	MOLECULAR REPLACEMENT	nan	0.125	Engh&Huber	False	G	2.8072939356116935	(B|LYS|146|NZ|1559)(B|PHE|130|O|1319)
2pve	0.79	246	C	LYS	2pve_LYS_PHE_C_246_NZ_A_C_230_O_A_	SHELXL-97	MOLECULAR REPLACEMENT	nan	0.125	Engh&Huber	False	G	2.7957653599302383	(C|LYS|246|NZ|2433)(C|PHE|230|O|2193)
2qxw	0.8	21	A	LYS	2qxw_LYS_TRP_A_21_NZ_A_A_20_O_A_	SHELXL-97	MOLECULAR REPLACEMENT	0.104	0.1121	Engh&Huber	False	T	2.8402095633332216	(A|LYS|21|NZ|165)(A|TRP|20|O|146)
2qxw	0.8	61	A	LYS	2qxw_LYS_ASP_A_61_NZ_A_A_36_OD1_A_	SHELXL-97	MOLECULAR REPLACEMENT	0.104	0.1121	Engh&Huber	False	H	2.8286895677967387	(A|LYS|61|NZ|471)(A|ASP|36|OD1|269)
2qxw	0.8	77	A	LYS	2qxw_LYS_ASP_A_77_NZ_A_A_43_OD2_A_	SHELXL-97	MOLECULAR REPLACEMENT	0.104	0.1121	Engh&Huber	False	E	2.6746968265187205	(A|LYS|77|NZ|609)(A|ASP|43|OD2|330)
2qxw	0.8	94	A	LYS	2qxw_LYS_ASP_A_94_NZ_A_A_98_OD1_A_	SHELXL-97	MOLECULAR REPLACEMENT	0.104	0.1121	Engh&Huber	False	H	2.7447858452184963	(A|LYS|94|NZ|745)(A|ASP|98|OD1|773)
2qxw	0.8	176	A	LYS	2qxw_LYS_ASP_A_176_NZ_A_A_149_OD2_A_	SHELXL-97	MOLECULAR REPLACEMENT	0.104	0.1121	Engh&Huber	False	-	2.781559285016641	(A|LYS|176|NZ|1395)(A|ASP|149|OD2|1188)
2qxw	0.8	262	A	LYS	2qxw_LYS_ASP_A_262_NZ_A_A_216_OD2_A_	SHELXL-97	MOLECULAR REPLACEMENT	0.104	0.1121	Engh&Huber	False	B	2.84858614377338	(A|LYS|262|NZ|2081)(A|ASP|216|OD2|1709)
2qxw	0.8	307	A	LYS	2qxw_LYS_ASP_A_307_NZ_A_A_308_OD2_A_	SHELXL-97	MOLECULAR REPLACEMENT	0.104	0.1121	Engh&Huber	False	T	2.8628114112491576	(A|LYS|307|NZ|2447)(A|ASP|308|OD2|2455)
2vb1	0.65	13	A	LYS	2vb1_LYS_LEU_A_13_NZ_A_A_129_O_A_	SHELXL-97	OTHER	nan	0.0952	Engh&Huber	False	H	2.701579767473328	(A|LYS|13|NZ|191)(A|LEU|129|O|1944)
2vb1	0.65	96	A	LYS	2vb1_LYS_HIS_A_96_NZ_A_A_15_O_A_	SHELXL-97	OTHER	nan	0.0952	Engh&Huber	False	H	2.8952768987446373	(A|LYS|96|NZ|1426)(A|HIS|15|O|232)
2wfi	0.75	70	A	LYS	2wfi_LYS_ASN_A_70_NZ_A_A_156_OD1_A_	SHELXL-97	DIRECT METHODS	nan	0.124	Engh&Huber	False	T	2.8863115514897553	(A|LYS|70|NZ|523)(A|ASN|156|OD1|1191)
2wfj	0.75	164	A	LYS	2wfj_LYS_GLY_A_164_NZ_A_A_82_O_A_	SHELXL-97	DIRECT METHODS	nan	0.129	Engh&Huber	False	-	2.7970714713158644	(A|LYS|164|NZ|1243)(A|GLY|82|O|605)
3bcj	0.78	61	A	LYS	3bcj_LYS_ASP_A_61_NZ_A_A_36_OD1_A_	SHELXL-97	MOLECULAR REPLACEMENT	0.1	0.11	Engh&Huber	False	H	2.806238361249915	(A|LYS|61|NZ|471)(A|ASP|36|OD1|269)
3bcj	0.78	77	A	LYS	3bcj_LYS_ASP_A_77_NZ_A_A_43_OD2_A_	SHELXL-97	MOLECULAR REPLACEMENT	0.1	0.11	Engh&Huber	False	E	2.6600617859936735	(A|LYS|77|NZ|609)(A|ASP|43|OD2|330)
3bcj	0.78	94	A	LYS	3bcj_LYS_ASP_A_94_NZ_A_A_98_OD2_A_	SHELXL-97	MOLECULAR REPLACEMENT	0.1	0.11	Engh&Huber	False	H	2.791700626174105	(A|LYS|94|NZ|745)(A|ASP|98|OD2|774)
3bcj	0.78	176	A	LYS	3bcj_LYS_ASP_A_176_NZ_A_A_149_OD2_A_	SHELXL-97	MOLECULAR REPLACEMENT	0.1	0.11	Engh&Huber	False	-	2.762875636192757	(A|LYS|176|NZ|1395)(A|ASP|149|OD2|1188)
3bcj	0.78	262	A	LYS	3bcj_LYS_ASP_A_262_NZ_A_A_216_OD2_A_	SHELXL-97	MOLECULAR REPLACEMENT	0.1	0.11	Engh&Huber	False	B	2.831260232534998	(A|LYS|262|NZ|2081)(A|ASP|216|OD2|1709)
3d43	0.8	52	A	LYS	3d43_LYS_GLN_A_52_NZ_A_A_50_OE1_A_	SHELXL-97	MOLECULAR REPLACEMENT	0.1459	0.1661	Engh&Huber	False	E	2.8583462048261143	(A|LYS|52|NZ|386)(A|GLN|50|OE1|370)
3d43	0.8	103	A	LYS	3d43_LYS_ASP_A_103_NZ_A_A_107_OD1_A_	SHELXL-97	MOLECULAR REPLACEMENT	0.1459	0.1661	Engh&Huber	False	E	2.790493155305173	(A|LYS|103|NZ|748)(A|ASP|107|OD1|778)
3d43	0.8	262	A	LYS	3d43_LYS_THR_A_262_NZ_A_A_23_O_A_	SHELXL-97	MOLECULAR REPLACEMENT	0.1459	0.1661	Engh&Huber	False	H	2.811263665920113	(A|LYS|262|NZ|1879)(A|THR|23|O|178)
3d43	0.8	103	B	LYS	3d43_LYS_ASP_B_103_NZ_A_B_107_OD1_A_	SHELXL-97	MOLECULAR REPLACEMENT	0.1459	0.1661	Engh&Huber	False	E	2.798558388097538	(B|LYS|103|NZ|3366)(B|ASP|107|OD1|3396)
3mfj	0.8	107	A	LYS	3mfj_LYS_ASN_A_107_NZ_A_A_245_OXT_A_	SHELXL-97	AB INITIO PHASING	0.1051	0.112	Engh&Huber	False	E	2.750970332218003	(A|LYS|107|NZ|1253)(A|ASN|245|OXT|2997)
3mfj	0.8	224	A	LYS	3mfj_LYS_ALA_A_224_NZ_A_A_171_O_A_	SHELXL-97	AB INITIO PHASING	0.1051	0.112	Engh&Huber	False	B	2.814474533570554	(A|LYS|224|NZ|2670)(A|ALA|171|O|2055)
3mi4	0.8	107	A	LYS	3mi4_LYS_ASN_A_107_NZ_A_A_245_OXT_A_	SHELXL-97	AB INITIO PHASING	0.105	0.1123	Engh&Huber	False	E	2.75188771650893	(A|LYS|107|NZ|1252)(A|ASN|245|OXT|2996)
3mi4	0.8	224	A	LYS	3mi4_LYS_ALA_A_224_NZ_A_A_171_O_A_	SHELXL-97	AB INITIO PHASING	0.105	0.1123	Engh&Huber	False	B	2.8105300961568593	(A|LYS|224|NZ|2669)(A|ALA|171|O|2054)
3ui4	0.8	50	A	LYS	3ui4_LYS_GLU_A_50_NZ_A_A_73_OE2_A_	PHENIX	FOURIER SYNTHESIS	0.0952	0.0978	ML	False	H	2.8215160207562384	(A|LYS|50|NZ|283)(A|GLU|73|OE2|654)
3ui4	0.8	59	A	LYS	3ui4_LYS_ASP_A_59_NZ_A_A_113_OD2_A_	PHENIX	FOURIER SYNTHESIS	0.0952	0.0978	ML	False	H	2.7270373630936957	(A|LYS|59|NZ|439)(A|ASP|113|OD2|1240)
3ui4	0.8	117	A	LYS	3ui4_LYS_THR_A_117_NZ_A_A_118_O_A_	PHENIX	FOURIER SYNTHESIS	0.0952	0.0978	ML	False	E	2.8953406134472828	(A|LYS|117|NZ|1297)(A|THR|118|O|1314)
3w5h	0.78	1082	A	LYS	3w5h_LYS_ASP_A_1082_NZ_A_A_1027_OD1_A_	CNS	MOLECULAR REPLACEMENT	0.1259	0.1439	Engh&Huber	False	E	2.836622163826631	(A|LYS|1082|NZ|966)(A|ASP|1027|OD1|309)
3w5h	0.78	1106	A	LYS	3w5h_LYS_ASP_A_1106_NZ_A_A_1109_OD2_A_	CNS	MOLECULAR REPLACEMENT	0.1259	0.1439	Engh&Huber	False	P	2.8755707878806116	(A|LYS|1106|NZ|1275)(A|ASP|1109|OD2|1307)
3w5h	0.78	1125	A	LYS	3w5h_LYS_ASP_A_1125_NZ_A_A_1168_OD2_A_	CNS	MOLECULAR REPLACEMENT	0.1259	0.1439	Engh&Huber	False	T	2.7375965049909055	(A|LYS|1125|NZ|1496)(A|ASP|1168|OD2|1974)
3x2m	0.64	82	A	LYS	3x2m_LYS_GLU_A_82_NZ_A_A_162_OE1_A_	PHENIX	MOLECULAR REPLACEMENT	0.1221	0.1289	ML	False	E	2.7481070168200836	(A|LYS|82|NZ|896)(A|GLU|162|OE1|1807)
